,N,sx,sy,sz,sx_err_stat,sy_err_stat,sz_err_stat,sx_err_sm,sy_err_sm,sz_err_sm,sx_err_tot,sy_err_tot,sz_err_tot,M,Mxder,Myder,Mzder,Meder,M_err_no_Ebeam,M_err_due_to_Ebeam,M_err_with_Ebeam,varN,varN_top_no_Ebeam,varN_bottom_no_Ebeam,varN_top_with_Ebeam,varN_bottom_with_Ebeam
0,0.0,940.9748887852389,59.72814623510178,24.17864523797241,1.3163820525119132,0.13986360966244632,0.054086674993107174,18.363339156516936,8.022516761162203,0,18.410461338202357,8.023735851362275,0.054086674993107174,2275775.46549336,2388.2165986297473,14321.972743302378,94123.3656019432,263659.04271522665,123145.20081244393,263659.04271522665,290999.7101178055,0.0,0.0,0.0,0.0,0.0
1,260630.46602852448,945.9770277975147,60.04641787309829,24.307754034920414,1.3163820525119132,0.13986360966244632,0.054086674993107174,18.363339156516936,8.022516761162203,0,18.410461338202357,8.023735851362275,0.054086674993107174,2304495.2591266218,2405.851825587462,14506.627945641045,94804.94396216096,267185.2765333759,124645.46624862208,267185.2765333759,294829.55118602497,290106.8728699904,291792.35619370046,288594.36252602056,294431.2317747118,286763.49855787406
2,521260.93205704895,950.9791668097904,60.3646895110948,24.436862831868417,1.3163820525119132,0.13986360966244632,0.054086674993107174,18.363339156516936,8.022516761162203,0,18.410461338202357,8.023735851362275,0.054086674993107174,2333581.42275275,2423.6819570020407,14692.776474969898,95494.31278508865,270736.6328816553,126158.620673947,270736.6328816553,298687.66622418317,637696.9632320247,644351.5149001284,631725.0276492224,654787.784954034,624484.7857378245
3,781891.3980855735,955.9813058220661,60.68296114909131,24.565971628816417,1.3163820525119132,0.13986360966244632,0.054086674993107174,18.363339156516936,8.022516761162203,0,18.410461338202357,8.023735851362275,0.054086674993107174,2362896.1083236192,2441.5654827608364,14880.432025634416,96185.73789900054,274318.1911049126,127683.82730471823,274318.1911049126,302578.30346251273,1040622.264942832,1055401.9561617542,1027357.985868863,1078619.4838972797,1011251.7534868263
4,1042521.8641140979,960.983444834342,61.00123278708782,24.69508042576442,1.3163820525119132,0.13986360966244632,0.054086674993107174,18.363339156516936,8.022516761162203,0,18.410461338202357,8.023735851362275,0.054086674993107174,2392439.19179283,2459.499708478372,15069.591944508182,96879.18202917834,277929.9719895022,129221.05229855879,277929.9719895022,306501.4676754947,1496807.9504164527,1522745.938934741,1473528.316986797,1563559.3929865551,1445217.5785763925
5,1303152.3301426223,965.9855838466176,61.31950442508433,24.824189222712423,1.3163820525119132,0.13986360966244632,0.054086674993107174,18.363339156516936,8.022516761162203,0,18.410461338202357,8.023735851362275,0.054086674993107174,2422212.359291872,2477.4873000712482,15260.269806402126,97574.68159627604,281572.1947120332,130770.41846039364,281572.1947120332,310457.4096059838,2004249.4032549951,2044260.348327858,1968337.3875409747,2107320.444349597,1924598.0733804046
6,1563782.796171147,970.9877228588934,61.63777606308084,24.953298019660423,1.3163820525119132,0.13986360966244632,0.054086674993107174,18.363339156516936,8.022516761162203,0,18.410461338202357,8.023735851362275,0.054086674993107174,2452215.501213434,2495.5256309077563,15452.463076156893,98272.20030319685,285244.88109117484,132331.8933220999,285244.88109117484,314446.1355763974,2561010.255336453,2617894.5737114092,2509951.0261564646,2707693.207139234,2447669.933319684
7,1824413.2621996712,975.9898618711691,61.95604770107735,25.082406816608426,1.3163820525119132,0.13986360966244632,0.054086674993107174,18.363339156516936,8.022516761162203,0,18.410461338202357,8.023735851362275,0.054086674993107174,2482450.2893974185,2513.617300108106,15646.185211598982,98971.77362395913,288948.2492730776,133905.59826845815,288948.2492730776,318467.89478000806,3165219.0642356873,3241667.0040009497,3096596.3650341555,3362542.111847045,3012767.770408041
8,2085043.7282281958,980.9920008834449,62.274319339073855,25.21151561355643,1.3163820525119132,0.13986360966244632,0.054086674993107174,18.363339156516936,8.022516761162203,0,18.410461338202357,8.023735851362275,0.054086674993107174,2512916.6283332035,2531.7597465477434,15841.433793037568,99673.36620500468,292682.32209788036,135491.50216764,292682.32209788036,322522.695059202,3815068.234257006,3913663.818416046,3726560.8715098817,4069804.223855403,3618283.149984668
9,2345674.19425672,985.9941398957207,62.592590977070365,25.340624410504432,1.3163820525119132,0.13986360966244632,0.054086674993107174,18.363339156516936,8.022516761162203,0,18.410461338202357,8.023735851362275,0.054086674993107174,2543616.175907125,2549.955504756251,16036.251991871311,100377.01260639503,296447.3166923287,137074.88599431427,296447.3166923287,326604.55591500265,4508810.078403894,4632020.765023954,4398199.941740341,4827477.796901556,4262665.234213745
10,2606304.6602852447,990.9962789079964,62.910862615066875,25.469733207452432,1.3163820525119132,0.13986360966244632,0.054086674993107174,18.363339156516936,8.022516761162203,0,18.410461338202357,8.023735851362275,0.054086674993107174,2574548.8503740174,2568.202076962994,16227.717142478716,101082.6783855241,300243.2569071034,138633.68524598068,300243.2569071034,330704.2666840973,5244756.822976878,5394917.367110582,5109941.585941754,5633619.489306975,4944422.44504579
11,2866935.1263137693,995.9984179202721,63.229134253063386,25.598842004400435,1.3163820525119132,0.13986360966244632,0.054086674993107174,18.363339156516936,8.022516761162203,0,18.410461338202357,8.023735851362275,0.054086674993107174,2605716.2959936536,2586.5019352215218,16420.595179397897,101790.39721975438,304070.35886065825,140203.793313983,304070.35886065825,334837.1048693372,6021275.8468016945,6200650.534188801,5860218.525381725,6486377.785622453,5662095.049639613
12,3127565.592342294,1001.0005569325479,63.547405891059896,25.727950801348438,1.3163820525119132,0.13986360966244632,0.054086674993107174,18.363339156516936,8.022516761162203,0,18.410461338202357,8.023735851362275,0.054086674993107174,2637118.444465816,2604.8526430504567,16614.88287009632,102500.1355462636,307928.64740323054,141785.17317673852,307928.64740323054,339003.0784879996,6836790.923093341,7047549.6068824595,6647538.89127288,7383951.794364593,6414281.695485504
13,3388196.0583708184,1006.0026959448236,63.865677529056406,25.857059598296438,1.3163820525119132,0.13986360966244632,0.054086674993107174,18.363339156516936,8.022516761162203,0,18.410461338202357,8.023735851362275,0.054086674993107174,2668756.9267401476,2623.256612055144,16810.592286030394,103211.92618962658,311818.3376561374,143377.93365401195,311818.3376561374,343202.4294167091,7689776.473932331,7933997.920740233,7470458.503049765,8324598.34142724,7199626.151706282
14,3648826.5243993425,1011.0048349570993,64.18394916705292,25.98616839524444,1.3163820525119132,0.13986360966244632,0.054086674993107174,18.363339156516936,8.022516761162203,0,18.410461338202357,8.023735851362275,0.054086674993107174,2700631.6876511476,2641.711465062658,17007.7203087225,103925.73643697977,315739.45545814844,144982.0389980109,315739.45545814844,347435.16713917843,8578760.16401381,8858435.365805604,8327583.476010606,9306634.909337614,8016819.62935243
15,3909456.990427867,1016.006973969375,64.50222080504942,26.115277192192444,1.3163820525119132,0.13986360966244632,0.054086674993107174,18.363339156516936,8.022516761162203,0,18.410461338202357,8.023735851362275,0.054086674993107174,2732744.3451446253,2660.219555176336,17206.278896554966,104641.59828874496,319692.2149446246,146597.59672844884,319692.2149446246,351701.53207337175,9502316.046987893,9819351.303024609,9217563.588584403,10328431.85140108,8864594.661311729
16,4170087.4564563916,1021.0091129816508,64.82049244304594,26.244385989140447,1.3163820525119132,0.13986360966244632,0.054086674993107174,18.363339156516936,8.022516761162203,0,18.410461338202357,8.023735851362275,0.054086674993107174,2765094.8568894416,2678.7785626326245,17406.26504264226,105359.4798534665,323676.6429318169,148224.5723372599,323676.6429318169,356001.5351430026,10459068.592552815,10815288.595064139,10139096.285368353,11388416.957236612,9741728.703707615
17,4430717.922484916,1026.0112519939266,65.13876408104244,26.373494786088447,1.3163820525119132,0.13986360966244632,0.054086674993107174,18.363339156516936,8.022516761162203,0,18.410461338202357,8.023735851362275,0.054086674993107174,2797753.382415033,2697.4559052306336,17607.690594734162,106082.01169800214,327686.6682748511,149863.47475108693,327686.6682748511,360329.8678010775,11447512.695040334,11844644.480310872,11090763.057218883,12484821.442421742,10646912.922184706
18,4691348.38851344,1031.0133910062023,65.45703571903896,26.50260358303645,1.3163820525119132,0.13986360966244632,0.054086674993107174,18.363339156516936,8.022516761162203,0,18.410461338202357,8.023735851362275,0.054086674993107174,2830742.2041303106,2716.2695144829563,17810.552655143114,106809.96662313535,331720.26895796444,151514.39017941654,331720.26895796444,364684.72310885845,12466252.676969973,12905935.288442899,12071246.464487616,13616018.584478024,11578925.605440471
19,4951978.854541965,1036.015530018478,65.77530735703546,26.631712379984453,1.3163820525119132,0.13986360966244632,0.054086674993107174,18.363339156516936,8.022516761162203,0,18.410461338202357,8.023735851362275,0.054086674993107174,2863975.1076275804,2735.1378123538825,18014.862963356692,107540.02847297394,335785.7046102418,153176.90322801704,335785.7046102418,369073.4386312863,13514237.133436022,13998057.805026716,13079542.360656735,14780861.042791115,12536799.87562022
20,5212609.320570489,1041.0176690307537,66.09357899503198,26.760821176932453,1.3163820525119132,0.13986360966244632,0.054086674993107174,18.363339156516936,8.022516761162203,0,18.410461338202357,8.023735851362275,0.054086674993107174,2897452.09738998,2754.0585877667354,18220.6187285621,108272.16692018231,339883.00187159155,154850.98174137165,339883.00187159155,373496.026093332,14590260.793522948,15119735.724722225,14114509.041692207,15977969.398703488,13519465.590722203
21,5473239.786599014,1046.0198080430296,66.41185063302848,26.889929973880456,1.3163820525119132,0.13986360966244632,0.054086674993107174,18.363339156516936,8.022516761162203,0,18.410461338202357,8.023735851362275,0.054086674993107174,2931174.77660264,2773.0340298380893,18427.831584285886,109006.41167343454,344012.3699228302,156536.7295271091,344012.3699228302,377952.7197295523,15693153.658924002,16269730.44713199,15175037.931322323,17206004.54200683,14525883.963897645
22,5733870.2526275385,1051.0219470553052,66.730122271025,27.01903877082846,1.3163820525119132,0.13986360966244632,0.054086674993107174,18.363339156516936,8.022516761162203,0,18.410461338202357,8.023735851362275,0.054086674993107174,2965143.16153944,2792.0619791203594,18636.498844333142,109742.73314048481,348173.8363345841,158234.11557168877,348173.8363345841,382443.5326145499,16821789.547862444,17446849.738441885,16260061.985819567,18463677.35282561,15555055.20696546
23,5994500.718656063,1056.024086067581,67.0483939090215,27.148147567776462,1.3163820525119132,0.13986360966244632,0.054086674993107174,18.363339156516936,8.022516761162203,0,18.410461338202357,8.023735851362275,0.054086674993107174,2999358.843708699,2811.1445737810545,18846.632038505002,110481.16031565973,352367.6093598079,159943.24252135475,352367.6093598079,386968.6976412835,17975074.147321142,18649935.467602886,17368544.062781975,19749735.14260368,16606007.853504188
24,6255131.184684588,1061.0262250798567,67.36666554701802,27.27725636472446,1.3163820525119132,0.13986360966244632,0.054086674993107174,18.363339156516936,8.022516761162203,0,18.410461338202357,8.023735851362275,0.054086674993107174,3033821.850918284,2830.279704416195,19058.228583031807,111221.66431817858,356593.71748940914,161664.08047538265,356593.71748940914,391528.22921070136,19151955.07886633,19877873.827955216,18499486.8093545,21062973.059702247,17677807.764399398
25,6515761.650713112,1066.0283640921325,67.68493718501452,27.406365161672465,1.3163820525119132,0.13986360966244632,0.054086674993107174,18.363339156516936,8.022516761162203,0,18.410461338202357,8.023735851362275,0.054086674993107174,3068533.763253266,2849.469459802346,19267.297938835094,111964.27345077416,360852.36805900885,163366.34381628016,360852.36805900885,396109.82545967406,20351408.628862254,21129428.871699423,19652043.244329236,22402144.52900581,18769590.594969705
26,6776392.116741637,1071.0305031044081,68.00320882301104,27.535473958620468,1.3163820525119132,0.13986360966244632,0.054086674993107174,18.363339156516936,8.022516761162203,0,18.410461338202357,8.023735851362275,0.054086674993107174,3103494.6198065025,2868.711779053253,19474.85238451358,112708.9595214648,365143.5904693846,165057.6726867615,365143.5904693846,400716.70413603145,21572451.316193767,22403574.508675735,20825269.421014667,23766130.657078594,19880479.13515093
27,7037022.58277016,1076.032642116684,68.32148046100754,27.664582755568468,1.3163820525119132,0.13986360966244632,0.054086674993107174,18.363339156516936,8.022516761162203,0,18.410461338202357,8.023735851362275,0.054086674993107174,3138705.9894857006,2888.0087030554955,19683.76077000158,113455.75016322723,369467.59114931617,166759.85480106075,369467.59114931617,405358.05170608015,22814125.311188307,23699399.55269188,22018174.76015784,25153884.37923927,21009593.691774435
28,7297653.048798685,1081.0347811289596,68.63975209900404,27.79369155251647,1.3163820525119132,0.13986360966244632,0.054086674993107174,18.363339156516936,8.022516761162203,0,18.410461338202357,8.023735851362275,0.054086674993107174,3174167.9224272007,2907.358217974527,19894.01980845535,114204.61785112557,373824.40039907483,168472.85507355045,373824.40039907483,410033.8830271973,24075511.474107675,25015930.793962467,23229888.537309468,26564352.587074585,22156118.869444374
29,7558283.5148272095,1085.8099683893524,68.94645091987553,27.91954521465882,1.3163820525119132,0.13986360966244632,0.054086674993107174,18.363339156516936,8.022516761162203,0,18.410461338202357,8.023735851362275,0.054086674993107174,3208612.512781172,2926.20562687436,20098.13522519771,114923.52357861935,378057.9825844459,170136.3824584162,378057.9825844459,414577.1663175116,25362754.9064168,26359698.184634242,24466213.47996829,28004570.911589663,23325509.288311977
30,7818913.980855734,1090.2824813792442,69.23771564979202,28.038973324813853,1.3163820525119132,0.13986360966244632,0.054086674993107174,18.363339156516936,8.022516761162203,0,18.410461338202357,8.023735851362275,0.054086674993107174,3241346.433245402,2944.1388514361074,20291.935623591686,115601.46641948848,382084.05188785814,171716.2551495673,382084.05188785814,418896.9980671081,26680031.451353744,27735129.38565249,25731100.606636953,29479325.351931136,24521468.602502577
31,8079544.446884259,1094.754994369136,69.5289803797085,28.15840143496888,1.3163820525119132,0.13986360966244632,0.054086674993107174,18.363339156516936,8.022516761162203,0,18.410461338202357,8.023735851362275,0.054086674993107174,3274290.988873463,2962.1187993386216,20486.87198877571,116281.13891462752,386137.7295954354,173305.23414381212,386137.7295954354,423245.85101186647,28016391.44399182,29130604.86198423,27014197.534549844,30976073.72391292,25734280.90955132
32,8340174.912912783,1099.0212252818962,69.8885544788414,28.268639631518937,1.3163820525119132,0.13986360966244632,0.054086674993107174,18.363339156516936,8.022516761162203,0,18.410461338202357,8.023735851362275,0.054086674993107174,3307154.1495880275,2980.423358453326,20678.555380519163,116990.21221737958,390224.74777812016,174871.5665628535,390224.74777812016,427615.970902215,29372916.185842156,30547148.81588669,28316626.337536804,32496311.508998983,26964752.95490729
33,8600805.378941307,1103.2792912127936,70.2508323744867,28.378549473397356,1.3163820525119132,0.13986360966244632,0.054086674993107174,18.363339156516936,8.022516761162203,0,18.410461338202357,8.023735851362275,0.054086674993107174,3340337.7054102435,2998.8965667819552,20871.214459281375,117706.42853122376,394323.0881044121,176446.46842622178,394323.0881044121,432000.06253736303,30746426.477853708,31981461.547432512,29635321.433910787,34035903.448694214,28210357.25813908
34,8861435.844969831,1107.2087314404794,70.60782977832547,28.484799033751692,1.3163820525119132,0.13986360966244632,0.054086674993107174,18.363339156516936,8.022516761162203,0,18.410461338202357,8.023735851362275,0.054086674993107174,3372250.925556255,3016.971579130682,21055.64090705328,118387.73801986346,398257.69262936665,177956.4510769263,398257.69262936665,436208.3082867193,32147083.018915948,33444343.23246603,30979874.82725401,35606635.2411363,29480022.10597583
35,9122066.310998356,1110.787058314529,70.95918534962058,28.5871760358394,1.3163820525119132,0.13986360966244632,0.054086674993107174,18.363339156516936,8.022516761162203,0,18.410461338202357,8.023735851362275,0.054086674993107174,3402715.2027851488,3034.5703706992413,21231.07327697289,119029.42768880723,402020.85900321935,179395.21901184783,402020.85900321935,440231.0934929463,33576682.35237067,34937714.21476029,32351973.81912791,37210687.45203537,30775268.66327747
36,9382696.77702688,1114.3653851885786,71.3105409209157,28.689063560699417,1.3163820525119132,0.13986360966244632,0.054086674993107174,18.363339156516936,8.022516761162203,0,18.410461338202357,8.023735851362275,0.054086674993107174,3433300.870759476,3052.1660411471235,21407.065634079143,119672.81063375965,405800.5701452999,180838.33705007733,405800.5701452999,444270.87106548843,35024201.00970326,36449879.84130883,33741193.71023898,38835395.08338162,32086338.300935157
37,9643327.243055405,1117.289490716438,71.72007835951638,28.772452123611597,1.3163820525119132,0.13986360966244632,0.054086674993107174,18.363339156516936,8.022516761162203,0,18.410461338202357,8.023735851362275,0.054086674993107174,3461091.7676567356,3068.931509770944,21563.087999904787,120291.8594768102,409279.6565258799,182124.53901748848,409279.6565258799,447972.30378481536,36511658.555638365,38004013.3470292,35168509.5239685,40506278.888907395,33432592.043302365
38,9903957.70908393,1120.2087069756265,72.1300506154502,28.855840686523774,1.3163820525119132,0.13986360966244632,0.054086674993107174,18.363339156516936,8.022516761162203,0,18.410461338202357,8.023735851362275,0.054086674993107174,3489026.2107585166,3085.7510724680087,21719.797761231366,120912.30502211492,412778.02464672853,183416.34332675763,412778.02464672853,451693.7597871087,38017354.50755583,39577265.279263474,36613259.99461816,42198209.2889372,34794936.77800312
39,10164588.175112454,1123.3761637511454,72.59111205167778,28.92827309724749,1.3163820525119132,0.13986360966244632,0.054086674993107174,18.363339156516936,8.022516761162203,0,18.410461338202357,8.023735851362275,0.054086674993107174,3517666.468257107,3102.429675874769,21876.708715483455,121599.60106957822,416386.3493241408,184709.0583278084,416386.3493241408,455516.2215902208,39536006.330292806,41163739.998005874,38070685.76779442,43905209.77984831,36168641.05535039
40,10425218.641140979,1126.912379093538,73.1280659054138,28.983405313830705,1.3163820525119132,0.13986360966244632,0.054086674993107174,18.363339156516936,8.022516761162203,0,18.410461338202357,8.023735851362275,0.054086674993107174,3547164.513171012,3118.761319072752,22026.415944076594,122386.05073360122,420134.7333815632,185945.10566924769,420134.7333815632,459443.9862659483,41065236.41083655,42760264.50962057,39539066.026463106,45624383.45173754,37551698.23875243
41,10685849.107169503,1130.3502164529536,73.65777453635334,29.03861843634424,1.3163820525119132,0.13986360966244632,0.054086674993107174,18.363339156516936,8.022516761162203,0,18.410461338202357,8.023735851362275,0.054086674993107174,3576364.0934142475,3134.999054317975,22174.395643269756,123158.89274326258,423846.80294672307,187167.45620706206,423846.80294672307,463333.3238945595,42614189.77904556,44377423.649533495,41026333.738601625,47366299.637638666,38952166.938782096
42,10946479.573198028,1132.9676341875152,74.127061894272,29.094408490606273,1.3163820525119132,0.13986360966244632,0.054086674993107174,18.363339156516936,8.022516761162203,0,18.410461338202357,8.023735851362275,0.054086674993107174,3601865.9877237184,3150.151844278328,22302.988498597217,123799.2512852308,427094.01938891027,188235.54724113946,427094.01938891027,466735.38824793015,44214073.496693246,46048526.24627086,42561837.088297606,49166710.356080614,40397734.18715622
43,11207110.039226552,1135.5850519220764,74.59634925219066,29.150198544868303,1.3163820525119132,0.13986360966244632,0.054086674993107174,18.363339156516936,8.022516761162203,0,18.410461338202357,8.023735851362275,0.054086674993107174,3627486.8827482373,3165.3398226247295,22432.070058743262,124441.24101469739,430357.20487852895,189307.58387893092,430357.20487852895,470153.89512896584,45831443.494066425,47737873.71191741,44114125.73774867,50987302.98176393,41858726.967052944
44,11467740.505255077,1138.1415743252867,75.07465872240182,29.209520736681277,1.3163820525119132,0.13986360966244632,0.054086674993107174,18.363339156516936,8.022516761162203,0,18.410461338202357,8.023735851362275,0.054086674993107174,3653705.2436705646,3181.1444536622616,22563.861648993778,125086.1072527714,433687.6426692244,190403.80886691218,433687.6426692244,473643.9399327479,47461085.21298309,49439910.92458323,45678287.21413669,52821997.46290974,43330581.87043761
45,11728370.971283602,1140.6356556198452,75.56221932371655,29.271607686408213,1.3163820525119132,0.13986360966244632,0.054086674993107174,18.363339156516936,8.022516761162203,0,18.410461338202357,8.023735851362275,0.054086674993107174,3680560.695337326,3197.6020499022247,22697.784614134547,125738.2489806439,437045.2920336174,191520.01767812693,437045.2920336174,477167.16615896777,49101667.331891745,51153157.99679156,47253117.44097293,54668672.99384822,44812471.2833575
46,11989001.437312126,1143.118890235268,76.05048678088278,29.333501050036947,1.3163820525119132,0.13986360966244632,0.054086674993107174,18.363339156516936,8.022516761162203,0,18.410461338202357,8.023735851362275,0.054086674993107174,3707502.6317462046,3214.0938352176668,22831.924130841708,126391.41251574316,440414.88309812447,192638.08359420684,440414.88309812447,480702.29925098474,50757997.643303655,52882797.91076202,48843096.187923364,56533485.338714205,46308276.12229021
47,12249631.90334065,1145.2998493777009,76.55845291118047,29.387841550936812,1.3163820525119132,0.13986360966244632,0.054086674993107174,18.363339156516936,8.022516761162203,0,18.410461338202357,8.023735851362275,0.054086674993107174,3733091.3303426527,3230.1803386228185,22956.215292013305,127028.42853811599,443631.9934319074,193678.68481894428,443631.9934319074,484066.915363531,52445134.36739851,54644655.25760074,50462585.85479991,58433797.54873958,47831289.746065006
48,12510262.369369175,1147.4808085201337,77.06641904147814,29.44218205183668,1.3163820525119132,0.13986360966244632,0.054086674993107174,18.363339156516936,8.022516761162203,0,18.410461338202357,8.023735851362275,0.054086674993107174,3758793.304838553,3246.3036452994497,23080.954485486236,127666.94052162039,446863.86137920455,194722.91902654347,446863.86137920455,487446.741502034,54147737.978626356,56422600.68162088,52096963.34348281,60351926.80947967,49367967.73751764
49,12770892.8353977,1149.4225975595614,77.60212580731043,29.500244995061834,1.3163820525119132,0.13986360966244632,0.054086674993107174,18.363339156516936,8.022516761162203,0,18.410461338202357,8.023735851362275,0.054086674993107174,3784949.601930739,3263.4233281122456,23204.668221796695,128302.3107965482,450160.7769966179,195764.95369896168,450160.7769966179,490885.5693977522,55861480.81311229,58211771.418660864,53742357.01198761,62282894.485164985,50914482.86591305
50,13031523.301426224,1151.1674274759837,78.16067728148151,29.56113529754325,1.3163820525119132,0.13986360966244632,0.054086674993107174,18.363339156516936,8.022516761162203,0,18.410461338202357,8.023735851362275,0.054086674993107174,3811471.7269451027,3281.3505842278464,23320.90385319749,128935.22825092122,453510.5621745237,196754.48166674163,453510.5621745237,494352.2590823276,57586648.387379825,60011850.67763768,55399541.15200259,64226724.80106661,52471268.19269192
51,13292153.767454749,1152.8972785046162,78.72109735168735,29.620253741170266,1.3163820525119132,0.13986360966244632,0.054086674993107174,18.363339156516936,8.022516761162203,0,18.410461338202357,8.023735851362275,0.054086674993107174,3837874.715496314,3299.164018510782,23435.931260354973,129569.27206068842,456848.1801390952,197734.15258952402,456848.1801390952,497804.233405764,59328401.65857775,61829112.36132145,57072747.36632465,66189645.8189029,54042715.29655561
52,13552784.233483274,1154.48023397589,79.29984244440865,29.667968810946736,1.3163820525119132,0.13986360966244632,0.054086674993107174,18.363339156516936,8.022516761162203,0,18.410461338202357,8.023735851362275,0.054086674993107174,3862849.073559258,3316.1117617221644,23540.431633313816,130202.68081628709,460023.42091263714,198628.6058511078,460023.42091263714,501073.717980219,61102651.43813451,63680215.72895695,58777201.29983993,68189974.7211016,55642887.393753916
53,13813414.699511798,1156.0631894471642,79.87858753712996,29.715683880723205,1.3163820525119132,0.13986360966244632,0.054086674993107174,18.363339156516936,8.022516761162203,0,18.410461338202357,8.023735851362275,0.054086674993107174,3887920.6422675,3333.096669348537,23645.240021821628,130837.32677576451,463211.4141086655,199525.62962639332,463211.4141086655,504356.31357043434,62891171.993808016,65546058.5748914,60495478.01438389,70206734.62027282,57255672.00231589
54,14074045.16554032,1157.2511497101916,80.48567022184916,29.747342231320893,1.3163820525119132,0.13986360966244632,0.054086674993107174,18.363339156516936,8.022516761162203,0,18.410461338202357,8.023735851362275,0.054086674993107174,3910470.714776049,3348.995042252383,23731.26974073364,131456.13763970905,466046.3637279278,200273.2131636755,466046.3637279278,507255.9246129383,64727473.2997062,67461701.00747004,62259665.77191669,72277467.38097307,58911302.76214549
55,14334675.631568845,1158.188106487781,81.11076030061243,29.76712696937287,1.3163820525119132,0.13986360966244632,0.054086674993107174,18.363339156516936,8.022516761162203,0,18.410461338202357,8.023735851362275,0.054086674993107174,3931143.852173728,3363.9696341836534,23804.008944262256,132063.26079834465,468646.17902187555,200914.1769912922,468646.17902187555,509897.781548314,66605193.625631005,69420539.86920297,64063630.06830418,74395519.31848049,60603758.97048774
56,14595306.09759737,1159.0963221604554,81.73610964222026,29.787628704341856,1.3163820525119132,0.13986360966244632,0.054086674993107174,18.363339156516936,8.022516761162203,0,18.410461338202357,8.023735851362275,0.054086674993107174,3951869.084792551,3379.0473259909063,23876.88986733308,132668.13293588976,471252.6509598438,201556.8373250691,471252.6509598438,512546.7975796598,68499662.62152949,71396699.16197848,65883800.000470065,76532787.46552974,62311057.87683599
57,14855936.563625894,1159.774835676023,82.36353104176852,29.813283661422062,1.3163820525119132,0.13986360966244632,0.054086674993107174,18.363339156516936,8.022516761162203,0,18.410461338202357,8.023735851362275,0.054086674993107174,3972598.955865039,3394.766085377107,23949.492100713902,133249.29252947477,473860.55573045975,202201.00949397028,473860.55573045975,515198.0925018655,70411217.53570661,73390567.21047708,67720469.71820971,78689683.330205,64033483.7663873
58,15116567.029654419,1160.4533491915904,82.9909524413168,29.838938618502265,1.3163820525119132,0.13986360966244632,0.054086674993107174,18.363339156516936,8.022516761162203,0,18.410461338202357,8.023735851362275,0.054086674993107174,3993376.133328064,3410.5070756650694,24015.244511196113,133831.03817412214,476474.48397677776,202793.13022662132,476474.48397677776,517834.9037560601,72338975.1206236,75400327.75328675,69573521.5540431,80864772.46532264,65770503.82923621
59,15377197.495682944,1160.9691342485185,83.59799837741981,29.852177304130166,1.3163820525119132,0.13986360966244632,0.054086674993107174,18.363339156516936,8.022516761162203,0,18.410461338202357,8.023735851362275,0.054086674993107174,4011485.072315602,3424.4257277046613,24064.87192509182,134378.30786837105,478765.9954621175,203251.92579180477,478765.9954621175,520123.2774534414,74322500.43426372,77468512.21392171,71479915.8687196,83103837.33266759,67556950.15089399
60,15637827.961711468,1161.3875110692873,84.19284768871776,29.858622567315937,1.3163820525119132,0.13986360966244632,0.054086674993107174,18.363339156516936,8.022516761162203,0,18.410461338202357,8.023735851362275,0.054086674993107174,4028076.7750153053,3437.321873727175,24106.505991186867,134904.97647485413,480874.0099920299,203643.98542781238,480874.0099920299,522217.08731784904,76347113.56343785,79579770.94104189,73425587.88339362,85390095.63466352,69379777.54970945
61,15898458.427739993,1161.7406348174952,84.79218693383606,29.865211990065983,1.3163820525119132,0.13986360966244632,0.054086674993107174,18.363339156516936,8.022516761162203,0,18.410461338202357,8.023735851362275,0.054086674993107174,4044587.7489764593,3450.3300550311055,24147.16377172105,135428.06092659928,482973.49945357005,204029.31526342747,482973.49945357005,524300.8322149515,78392090.92280494,81712059.42904252,75390988.95162186,87699702.5749371,71220661.16630301
62,16159088.893768517,1161.6180338861286,85.42425984564872,29.873061757484138,1.3163820525119132,0.13986360966244632,0.054086674993107174,18.363339156516936,8.022516761162203,0,18.410461338202357,8.023735851362275,0.054086674993107174,4060524.4184916755,3464.2292871779396,24180.636648769603,135925.95400685325,484959.49959103134,204365.06039583456,484959.49959103134,526261.1463467322,80465106.28590314,83873135.33962166,77383689.24257398,90040442.31038643,73087007.18983828
63,16419719.359797042,1161.4954329547622,86.05633275746138,29.880911524902288,1.3163820525119132,0.13986360966244632,0.054086674993107174,18.363339156516936,8.022516761162203,0,18.410461338202357,8.023735851362275,0.054086674993107174,4076514.453092973,3478.175982927433,24214.11771484097,136425.3714179927,486926.37283945136,204701.26934570257,486926.37283945136,528204.4133082629,82556412.10473132,86053033.53575604,79394164.31510043,92401575.74539404,74969913.55768996
64,16680349.825825566,1161.282873977563,86.72350447787889,29.885495706240256,1.3163820525119132,0.13986360966244632,0.054086674993107174,18.363339156516936,8.022516761162203,0,18.410461338202357,8.023735851362275,0.054086674993107174,4092600.111485122,3492.4697911483095,24244.750622237036,136942.68790832083,488907.8608034285,205017.95862608575,488907.8608034285,530153.9962261834,84665020.38552839,88250302.40092368,81421810.2750365,94782322.82695134,76868294.89687994
65,16940980.29185409,1161.0148784277587,87.41230581056237,29.888321897960918,1.3163820525119132,0.13986360966244632,0.054086674993107174,18.363339156516936,8.022516761162203,0,18.410461338202357,8.023735851362275,0.054086674993107174,4108773.731575809,3507.0063718600986,24273.823534210256,137470.87392872744,490901.8048171699,205324.34798852637,490901.8048171699,532111.5201249343,86790729.14597726,90464878.01567644,83466313.73489243,97182500.53666589,78781943.31584033
66,17201610.757882614,1160.7228583850588,88.11028526122874,29.89100710329098,1.3163820525119132,0.13986360966244632,0.054086674993107174,18.363339156516936,8.022516761162203,0,18.410461338202357,8.023735851362275,0.054086674993107174,4125061.446778301,3521.7177160923575,24295.932920766878,138003.4280050783,492910.1929636871,205578.93691030357,492910.1929636871,534062.8779728749,88932763.48938896,92695100.50320825,85527628.72515497,99600811.70329952,80710414.56759967
67,17462241.22391114,1160.2941202491359,88.86049535815428,29.892990955073255,1.3163820525119132,0.13986360966244632,0.054086674993107174,18.363339156516936,8.022516761162203,0,18.410461338202357,8.023735851362275,0.054086674993107174,4142030.419824456,3537.42287680142,24315.531362384576,138561.92664192058,495004.64453165064,205820.46547020716,495004.64453165064,536089.2296197328,91080693.44546314,94930128.3788499,87595710.97868077,102025425.27981906,82644385.20740044
68,17722871.689939663,1159.8653821132132,89.61070545507982,29.89497480685553,1.3163820525119132,0.13986360966244632,0.054086674993107174,18.363339156516936,8.022516761162203,0,18.410461338202357,8.023735851362275,0.054086674993107174,4158988.367239282,3553.129946378249,24335.113346825023,139119.98234183295,497097.746391157,206062.12623039502,497097.746391157,538115.0149677653,93246088.68478858,97183039.1171716,89680843.63275534,104469949.08799814,84593910.15332499
69,17983502.15596819,1159.406464856637,90.37596586928628,29.899177699689602,1.3163820525119132,0.13986360966244632,0.054086674993107174,18.363339156516936,8.022516761162203,0,18.410461338202357,8.023735851362275,0.054086674993107174,4176569.819613509,3569.4696272483075,24356.399627628005,139688.45101906825,499224.7548334629,206320.71638961465,499224.7548334629,540179.2238230335,95416985.5554244,99440947.61728756,91771872.44199306,106919588.99110937,86549021.92720541
70,18244132.621996712,1158.9299211208358,91.15001660273138,29.904821208113376,1.3163820525119132,0.13986360966244632,0.054086674993107174,18.363339156516936,8.022516761162203,0,18.410461338202357,8.023735851362275,0.054086674993107174,4194564.663062543,3586.2266160053823,24378.792909721946,140263.82682149357,501357.569719379,206590.44585857284,501357.569719379,542253.6537774235,97596437.77539606,101707153.44422504,93871636.51394612,109377766.71909796,88512475.81466006
71,18504763.08802524,1158.4554641587308,91.93176352057493,29.910461802514668,1.3163820525119132,0.13986360966244632,0.054086674993107174,18.363339156516936,8.022516761162203,0,18.410461338202357,8.023735851362275,0.054086674993107174,4212745.72024842,3603.1492807699296,24401.487037395244,140845.2249270936,503512.477084221,206863.71925249716,503512.477084221,544350.450465933,99788153.9411881,103985627.69132835,95983613.11568962,111849735.96065822,90486964.97244094
72,18765393.55405376,1157.994293416436,92.7625110549273,29.916085001728444,1.3163820525119132,0.13986360966244632,0.054086674993107174,18.363339156516936,8.022516761162203,0,18.410461338202357,8.023735851362275,0.054086674993107174,4232159.979490572,3621.09548736418,24423.971872943726,141467.70806561262,505813.6457304811,207141.82275589425,505813.6457304811,546585.0152920358,101971131.74566859,106253196.47223943,98088677.01730588,114310864.3853868,92454195.8699308
73,19026024.020082287,1157.533122674141,93.59325858927969,29.921708200942216,1.3163820525119132,0.13986360966244632,0.054086674993107174,18.363339156516936,8.022516761162203,0,18.410461338202357,8.023735851362275,0.054086674993107174,4251565.297580544,3639.048010147767,24441.664870135704,142089.6584188554,508113.7626650616,207383.91924351826,508113.7626650616,548805.6903590274,104168686.70451692,108534766.61797214,100208736.00229666,116788133.47670418,94434693.66711771
74,19286654.48611081,1157.6278023511757,94.3482527757478,29.952782051229843,1.3163820525119132,0.13986360966244632,0.054086674993107174,18.363339156516936,8.022516761162203,0,18.410461338202357,8.023735851362275,0.054086674993107174,4274776.855757154,3658.5545963451823,24489.67479326422,142717.1889557963,510870.3148856841,207865.5904916321,510870.3148856841,551540.1910485155,106302902.0747194,110750425.63931118,102267852.68047014,119193019.5024553,96358889.41373798
75,19547284.952139337,1158.0539220421842,95.05807709311406,29.994355797039702,1.3163820525119132,0.13986360966244632,0.054086674993107174,18.363339156516936,8.022516761162203,0,18.410461338202357,8.023735851362275,0.054086674993107174,4299657.08078275,3678.4556965391807,24552.02199937062,143348.87236375,513821.36274872284,208458.56518347515,513821.36274872284,554497.3996470207,108413987.99873963,112942007.1938597,104304726.64333141,121571332.3978977,98262610.2555696
76,19807915.41816786,1158.4800417331926,95.76790141048032,30.03592954284956,1.3163820525119132,0.13986360966244632,0.054086674993107174,18.363339156516936,8.022516761162203,0,18.410461338202357,8.023735851362275,0.054086674993107174,4324691.921864498,3698.472182206517,24614.461575919708,143983.95480635448,516725.6930778939,209053.1016785577,516725.6930778939,557412.4516085511,110531953.17670886,115140263.65264335,106348625.39984068,123955621.0267023,100173569.89805727
77,20068545.884196386,1158.9061614242012,96.47772572784659,30.077503288659415,1.3163820525119132,0.13986360966244632,0.054086674993107174,18.363339156516936,8.022516761162203,0,18.410461338202357,8.023735851362275,0.054086674993107174,4349792.288981332,3718.53010640779,24676.993580066406,144619.4601737905,519637.54141102533,209648.7531607804,519637.54141102533,560335.4121823508,112658377.11046258,117346944.66953553,108400981.85246097,126349352.60663691,102092183.2349411
78,20329176.35022491,1159.3322811152095,97.18755004521286,30.11907703446927,1.3163820525119132,0.13986360966244632,0.054086674993107174,18.363339156516936,8.022516761162203,0,18.410461338202357,8.023735851362275,0.054086674993107174,4374958.234880958,3738.629469730358,24739.618068965632,145255.38846605792,522556.9137589282,210245.5199305673,522556.9137589282,563266.2840683175,114793029.2353917,119561809.99503243,110461574.64220256,128752264.15784137,104018245.06160015
79,20589806.816253435,1159.7584008062179,97.89737436257913,30.160650780279127,1.3163820525119132,0.13986360966244632,0.054086674993107174,18.363339156516936,8.022516761162203,0,18.410461338202357,8.023735851362275,0.054086674993107174,4400189.812311085,3758.7702727615756,24799.840459676707,145891.7396831569,525483.8161324139,210824.5097058162,525483.8161324139,566198.0350635124,116935683.42923822,121784167.80143607,112530563.25814646,131163894.96283357,105951674.99067436
80,20850437.282281958,1160.1845204972265,98.60719867994538,30.202224526088983,1.3163820525119132,0.13986360966244632,0.054086674993107174,18.363339156516936,8.022516761162203,0,18.410461338202357,8.023735851362275,0.054086674993107174,4425487.12785112,3778.9525160888006,24858.182301603676,146528.51560746264,528418.261474533,211389.68893466593,528418.261474533,569132.1987444243,119086116.72339922,124013864.60306925,114607669.15192848,133584027.12409633,107892252.97130734
81,21111067.748310484,1160.6106401882348,99.31702299731165,30.24379827189884,1.3163820525119132,0.13986360966244632,0.054086674993107174,18.363339156516936,8.022516761162203,0,18.410461338202357,8.023735851362275,0.054086674993107174,4450850.252166555,3799.176200299388,24916.601871334817,147165.71682406976,531360.258130941,211955.8928479902,531360.258130941,572074.3172298237,121244111.14980692,126251027.29790425,116692391.01440239,136012569.91023538,109839690.94706848
82,21371698.214339007,1161.0367598792434,100.02684731467792,30.285372017708696,1.3163820525119132,0.13986360966244632,0.054086674993107174,18.363339156516936,8.022516761162203,0,18.410461338202357,8.023735851362275,0.054086674993107174,4476282.044234673,3819.4436926173566,24975.098644928166,147803.43598279945,534307.7600568075,212523.132048062,534307.7600568075,575022.4900927276,123409389.32744966,128495363.968354,118784464.87718639,138449139.03210074,111793782.54143234
83,21632328.680367533,1161.4628795702517,100.73667163204419,30.32694576351855,1.3163820525119132,0.13986360966244632,0.054086674993107174,18.363339156516936,8.022516761162203,0,18.410461338202357,8.023735851362275,0.054086674993107174,4501852.985376594,3839.812922723957,25033.672666311846,148443.99500301958,537210.7450010763,213091.76548568462,537210.7450010763,577930.3462030848,125580113.21609591,130744871.93996987,120882196.67720266,140889940.81158355,113753904.26535006
84,21892959.146396056,1161.88899926126,101.44649594941045,30.368519509328408,1.3163820525119132,0.13986360966244632,0.054086674993107174,18.363339156516936,8.022516761162203,0,18.410461338202357,8.023735851362275,0.054086674993107174,4527490.085905984,3860.2237691927385,25092.32397941397,149084.9787562169,540121.102448688,213661.42328897803,540121.102448688,580845.9426666058,127757721.09868091,133001141.1517045,122986893.65918517,143338329.6409244,115720314.57189588
85,22153589.612424582,1162.3151189522687,102.15632026677672,30.410093255138264,1.3163820525119132,0.13986360966244632,0.054086674993107174,18.363339156516936,8.022516761162203,0,18.410461338202357,8.023735851362275,0.054086674993107174,4553193.398796068,3880.67623261896,25151.052628162666,149726.38724239144,543038.838249199,214232.10575188725,543038.838249199,583769.2823213015,129942011.87568632,135263963.1717605,125098361.84799245,145794077.0772884,117692833.94444177
86,22414220.078453105,1162.741238643277,102.86614458414299,30.45166700094812,1.3163820525119132,0.13986360966244632,0.054086674993107174,18.363339156516936,8.022516761162203,0,18.410461338202357,8.023735851362275,0.054086674993107174,4578962.977020065,3901.1703135978796,25208.18378416708,150368.22046154315,545963.9582521655,214791.15817922313,545963.9582521655,586695.7348936026,132132788.28847268,137532799.86406085,127216687.53008105,148256813.0852606,119671373.47239316
87,22674850.544481628,1163.1673583342856,103.57596890150924,30.493240746757976,1.3163820525119132,0.13986360966244632,0.054086674993107174,18.363339156516936,8.022516761162203,0,18.410461338202357,8.023735851362275,0.054086674993107174,4604798.8735512,3921.7060127247546,25263.81177225308,151010.47841367204,548896.468307144,215339.3057853095,548896.468307144,589625.601153948,134329856.8397011,139807458.6200279,129341677.94347358,150726322.38236,121655757.80731434
88,22935481.010510154,1163.593478025294,104.28579321887551,30.534814492567833,1.3163820525119132,0.13986360966244632,0.054086674993107174,18.363339156516936,8.022516761162203,0,18.410461338202357,8.023735851362275,0.054086674993107174,4630701.141362695,3942.2833305948425,25319.50602968503,151653.16109877813,551836.374263691,215888.41095414545,551836.374263691,592563.2370851253,136533027.7156454,142088052.4344836,131472893.45386592,153202525.29006425,123645736.33551294
89,23196111.476538677,1164.0195977163025,104.99561753624178,30.57638823837769,1.3163820525119132,0.13986360966244632,0.054086674993107174,18.363339156516936,8.022516761162203,0,18.410461338202357,8.023735851362275,0.054086674993107174,4656669.833427771,3962.902267803404,25375.266590884337,152296.2685168614,554783.681971363,216438.47398923198,554783.681971363,595508.6454489891,138742114.71034408,144374388.9300915,133610153.94981349,155685210.70872128,125641142.5804854
90,23456741.942567203,1164.445717407311,105.70544185360805,30.617961984187545,1.3163820525119132,0.13986360966244632,0.054086674993107174,18.363339156516936,8.022516761162203,0,18.410461338202357,8.023735851362275,0.054086674993107174,4682765.376472891,3983.6120939167454,25431.093490272393,152941.77250893696,557690.1421799194,216989.8058344268,557690.1421799194,598416.9704484666,140955420.25017485,146664622.37833384,135751891.8200537,158170700.6608336,127641507.09860067
91,23717372.408595726,1164.8718370983192,106.4152661709743,30.6595357299974,1.3163820525119132,0.13986360966244632,0.054086674993107174,18.363339156516936,8.022516761162203,0,18.410461338202357,8.023735851362275,0.054086674993107174,4708928.031422368,4004.36398253308,25486.986762270586,153587.7148594633,560603.5493948284,217542.10057393147,560603.5493948284,601332.6077273694,143174231.8497255,148960173.32322505,137899279.31078506,160662152.9785397,129646966.48932728
92,23978002.874624252,1165.2979567893278,107.12509048834059,30.701109475807257,1.3163820525119132,0.13986360966244632,0.054086674993107174,18.363339156516936,8.022516761162203,0,18.410461338202357,8.023735851362275,0.054086674993107174,4735157.476997134,4025.157399210674,25542.94644130033,154234.0833229001,563524.2085845511,218095.35514990945,563524.2085845511,604255.8378690352,145398383.22068572,151260870.88627094,140052154.8185848,163159390.3977707,131657365.37213108
93,24238633.340652775,1165.7240764803362,107.83491480570684,30.742683221617114,1.3163820525119132,0.13986360966244632,0.054086674993107174,18.363339156516936,8.022516761162203,0,18.410461338202357,8.023735851362275,0.054086674993107174,4761453.76634252,4045.992471489183,25597.888124614325,154880.87789924734,566452.1254549482,218641.39672350735,566452.1254549482,607183.7207910259,147627702.11111304,153566304.92834735,142210544.91771975,165662118.03966203,133672609.39707892
94,24499263.8066813,1166.1501961713448,108.54473912307311,30.78425696742697,1.3163820525119132,0.13986360966244632,0.054086674993107174,18.363339156516936,8.022516761162203,0,18.410461338202357,8.023735851362275,0.054086674993107174,4787816.952603853,4066.869297957058,25651.676568146177,155528.09858850497,569387.3057118814,219179.21554314502,569387.3057118814,610115.9172091348,149862019.52835485,155876265.3580277,144374316.01617658,168170130.14780396,135692556.0437815
95,24759894.272709824,1166.576315862353,109.25456344043937,30.825830713236826,1.3163820525119132,0.13986360966244632,0.054086674993107174,18.363339156516936,8.022516761162203,0,18.410461338202357,8.023735851362275,0.054086674993107174,4814247.088926462,4087.7878792019765,25705.5236655209,156175.745390673,572329.7550612113,219717.94955074036,572329.7550612113,613055.7282035686,152101169.67294577,158190839.16362998,146543092.94609988,170683350.682532,137716990.0995375
96,25020524.73873835,1167.0024355533615,109.96438775780564,30.867404459046682,1.3163820525119132,0.13986360966244632,0.054086674993107174,18.363339156516936,8.022516761162203,0,18.410461338202357,8.023735851362275,0.054086674993107174,4840744.228455681,4108.748215811617,25759.42944453677,156823.8183057515,575279.4792087994,220257.59905671497,575279.4792087994,616003.1567621842,154344989.8740376,160509859.17779317,148716717.6147494,173201596.09392878,139745765.6208253
97,25281155.204766873,1167.42855524437,110.67421207517191,30.90897820485654,1.3163820525119132,0.13986360966244632,0.054086674993107174,18.363339156516936,8.022516761162203,0,18.410461338202357,8.023735851362275,0.054086674993107174,4867355.825626271,4129.788702161556,25813.393932992076,157473.85091046113,578195.6256847344,220798.41096946064,578195.6256847344,618920.1239639897,156592041.7281032,162831765.57093987,150893858.50896752,175721659.2795812,141778541.47554764
98,25541785.6707954,1167.8546749353784,111.38403639253818,30.950551950666394,1.3163820525119132,0.13986360966244632,0.054086674993107174,18.363339156516936,8.022516761162203,0,18.410461338202357,8.023735851362275,0.054086674993107174,4894037.200562846,4150.873080470095,25867.41715868508,158124.39171888412,581116.7569849493,221340.15403809745,581116.7569849493,621842.5436059464,158843350.108806,165157688.16934273,153075449.37325403,178246160.73724988,143815360.4242202
99,25802416.136823922,1168.280794626387,112.09386070990445,30.99212569647625,1.3163820525119132,0.13986360966244632,0.054086674993107174,18.363339156516936,8.022516761162203,0,18.410461338202357,8.023735851362275,0.054086674993107174,4920785.9070188515,4171.999326114783,25921.499149414063,158775.35975463394,584045.0331568131,221882.81559489178,584045.0331568131,624772.4262573211,161098828.35183334,167487542.54705548,155261402.20183706,180775085.9106197,145856094.86253572
