,t,var_ch1
0,0.0,8.171005e-08
1,1.6662239646701278,8.231639e-08
2,3.3324479293402556,8.251762e-08
3,4.998671894010384,8.273392e-08
4,6.664895858680511,8.1241176e-08
5,8.331119823350638,8.218849e-08
6,9.997343788020768,8.3248786e-08
7,11.663567752690895,8.28484e-08
8,13.329791717361022,8.196187e-08
9,14.99601568203115,8.294742e-08
10,16.662239646701277,8.2037666e-08
11,18.328463611371404,8.1524995e-08
12,19.994687576041535,8.016105e-08
13,21.660911540711663,8.197272e-08
14,23.32713550538179,8.422096e-08
15,24.993359470051917,8.184988e-08
16,26.659583434722045,8.115219e-08
17,28.325807399392172,8.1161026e-08
18,29.9920313640623,8.289262e-08
19,31.658255328732427,8.329485e-08
20,33.324479293402554,8.395903e-08
21,34.990703258072685,8.242427e-08
22,36.65692722274281,8.231381e-08
23,38.32315118741294,8.188412e-08
24,39.98937515208307,8.095495e-08
25,41.655599116753194,8.107561e-08
26,43.321823081423325,8.148659e-08
27,44.98804704609345,8.1524526e-08
28,46.65427101076358,8.1485965e-08
29,48.320494975433704,8.2182886e-08
30,49.986718940103835,8.304059e-08
31,51.65294290477396,8.1797275e-08
32,53.31916686944409,8.3081055e-08
33,54.98539083411422,8.404216e-08
34,56.651614798784344,8.377464e-08
35,58.317838763454475,8.2418275e-08
36,59.9840627281246,8.225703e-08
37,61.65028669279473,8.24886e-08
38,63.31651065746485,8.2993004e-08
39,64.98273462213498,8.299619e-08
40,66.64895858680511,8.134441e-08
41,68.31518255147525,8.182879e-08
42,69.98140651614537,8.302505e-08
43,71.6476304808155,8.310123e-08
44,73.31385444548562,8.302515e-08
45,74.98007841015576,8.2697184e-08
46,76.64630237482588,8.2044764e-08
47,78.312526339496,8.29108e-08
48,79.97875030416614,8.25523e-08
49,81.64497426883626,8.314997e-08
50,83.31119823350639,8.39515e-08
51,84.97742219817651,8.3870404e-08
52,86.64364616284665,8.142912e-08
53,88.30987012751677,8.309436e-08
54,89.9760940921869,8.346006e-08
55,91.64231805685702,8.060426e-08
56,93.30854202152716,8.203146e-08
57,94.97476598619728,8.299513e-08
58,96.64098995086741,8.153446e-08
59,98.30721391553755,8.4308915e-08
60,99.97343788020767,8.379725e-08
61,101.63966184487779,8.278753e-08
62,103.30588580954792,8.301447e-08
63,104.97210977421805,8.23152e-08
64,106.63833373888818,8.148366e-08
65,108.3045577035583,8.169519e-08
66,109.97078166822844,8.3842885e-08
67,111.63700563289856,8.4076525e-08
68,113.30322959756869,8.188127e-08
69,114.96945356223881,8.3845e-08
70,116.63567752690895,8.3457685e-08
71,118.30190149157907,8.178162e-08
72,119.9681254562492,8.0831775e-08
73,121.63434942091934,8.229764e-08
74,123.30057338558946,8.228762e-08
75,124.96679735025958,8.2684586e-08
76,126.6330213149297,8.1951676e-08
77,128.29924527959983,8.226313e-08
78,129.96546924426997,8.477813e-08
79,131.6316932089401,8.359933e-08
80,133.29791717361022,8.187115e-08
81,134.96414113828035,8.1859106e-08
82,136.6303651029505,8.249817e-08
83,138.2965890676206,8.308924e-08
84,139.96281303229074,8.360015e-08
85,141.62903699696085,8.335731e-08
86,143.295260961631,8.323636e-08
87,144.96148492630113,8.277912e-08
88,146.62770889097123,8.269005e-08
89,148.29393285564137,8.442096e-08
90,149.9601568203115,8.3389715e-08
91,151.62638078498162,8.2704396e-08
92,153.29260474965176,8.074514e-08
93,154.9588287143219,8.1672574e-08
94,156.625052678992,8.3261796e-08
95,158.29127664366214,8.2193615e-08
96,159.95750060833228,8.230025e-08
97,161.6237245730024,8.4886096e-08
98,163.28994853767253,8.300623e-08
99,164.95617250234264,8.293788e-08
100,166.62239646701278,8.348901e-08
101,168.28862043168292,8.384003e-08
102,169.95484439635302,8.335817e-08
103,171.62106836102316,8.179343e-08
104,173.2872923256933,8.376808e-08
105,174.9535162903634,8.3811656e-08
106,176.61974025503355,8.136238e-08
107,178.2859642197037,8.433108e-08
108,179.9521881843738,8.4607855e-08
109,181.61841214904393,8.392483e-08
110,183.28463611371404,8.3809006e-08
111,184.95086007838418,8.4369375e-08
112,186.61708404305432,8.3712266e-08
113,188.28330800772443,8.461913e-08
114,189.94953197239457,8.373612e-08
115,191.6157559370647,8.401491e-08
116,193.28197990173481,8.4100115e-08
117,194.94820386640495,8.4586446e-08
118,196.6144278310751,8.2328725e-08
119,198.2806517957452,8.3180424e-08
120,199.94687576041534,8.452272e-08
121,201.61309972508548,8.478897e-08
122,203.27932368975559,8.387431e-08
123,204.94554765442572,8.3161595e-08
124,206.61177161909583,8.2536e-08
125,208.27799558376597,8.183032e-08
126,209.9442195484361,8.310515e-08
127,211.61044351310622,8.3268546e-08
128,213.27666747777636,8.3695944e-08
129,214.9428914424465,8.526695e-08
130,216.6091154071166,8.376857e-08
131,218.27533937178674,8.261629e-08
132,219.94156333645688,8.293001e-08
133,221.607787301127,8.209258e-08
134,223.27401126579713,8.330944e-08
135,224.94023523046724,8.460046e-08
136,226.60645919513738,8.476176e-08
137,228.2726831598075,8.331904e-08
138,229.93890712447762,8.282672e-08
139,231.60513108914776,8.300761e-08
140,233.2713550538179,8.272296e-08
141,234.937579018488,8.4006935e-08
142,236.60380298315815,8.344687e-08
143,238.27002694782828,8.420547e-08
144,239.9362509124984,8.194388e-08
145,241.60247487716853,8.332035e-08
146,243.26869884183867,8.275957e-08
147,244.93492280650878,8.28142e-08
148,246.60114677117892,8.331376e-08
149,248.26737073584903,8.464835e-08
150,249.93359470051917,8.298993e-08
151,251.5998186651893,8.289858e-08
152,253.2660426298594,8.350298e-08
153,254.93226659452955,8.329134e-08
154,256.59849055919966,8.296398e-08
155,258.2647145238698,8.04842e-08
156,259.93093848853994,8.112846e-08
157,261.59716245321005,8.247326e-08
158,263.2633864178802,8.212108e-08
159,264.9296103825503,8.2043776e-08
160,266.59583434722043,8.4220105e-08
161,268.2620583118906,8.415211e-08
162,269.9282822765607,8.300778e-08
163,271.5945062412308,8.497476e-08
164,273.260730205901,8.493264e-08
165,274.9269541705711,8.1986336e-08
166,276.5931781352412,8.0376275e-08
167,278.2594020999113,8.145152e-08
168,279.9256260645815,8.413053e-08
169,281.5918500292516,8.3154575e-08
170,283.2580739939217,8.2268826e-08
171,284.92429795859186,8.305764e-08
172,286.590521923262,8.6149996e-08
173,288.2567458879321,8.4387814e-08
174,289.92296985260225,8.394117e-08
175,291.58919381727236,8.1665725e-08
176,293.25541778194247,8.163181e-08
177,294.92164174661264,8.178366e-08
178,296.58786571128275,8.273432e-08
179,298.25408967595286,8.333591e-08
180,299.920313640623,8.1424886e-08
181,301.58653760529313,8.151875e-08
182,303.25276156996324,8.299106e-08
183,304.9189855346334,8.246402e-08
184,306.5852094993035,8.105742e-08
185,308.2514334639736,8.2473804e-08
186,309.9176574286438,8.494635e-08
187,311.5838813933139,8.3687105e-08
188,313.250105357984,8.103357e-08
189,314.9163293226542,8.264996e-08
190,316.5825532873243,8.338692e-08
191,318.2487772519944,8.256604e-08
192,319.91500121666456,8.149457e-08
193,321.5812251813347,8.4125865e-08
194,323.2474491460048,8.300991e-08
195,324.9136731106749,8.1897824e-08
196,326.57989707534506,8.172651e-08
197,328.24612104001517,8.202653e-08
198,329.9123450046853,8.1822215e-08
199,331.57856896935544,8.2998746e-08
200,333.24479293402555,8.3274514e-08
201,334.91101689869566,8.368041e-08
202,336.57724086336583,8.2987725e-08
203,338.24346482803594,8.52019e-08
204,339.90968879270605,8.289871e-08
205,341.5759127573762,8.357399e-08
206,343.2421367220463,8.3623334e-08
207,344.90836068671643,8.3595225e-08
208,346.5745846513866,8.325007e-08
209,348.2408086160567,8.225962e-08
210,349.9070325807268,8.462659e-08
211,351.573256545397,8.2559644e-08
212,353.2394805100671,8.302932e-08
213,354.9057044747372,8.3063846e-08
214,356.5719284394074,8.3004984e-08
215,358.2381524040775,8.134935e-08
216,359.9043763687476,8.3164444e-08
217,361.57060033341776,8.3415834e-08
218,363.23682429808787,8.424e-08
219,364.903048262758,8.2544176e-08
220,366.5692722274281,8.349428e-08
221,368.23549619209825,8.4230216e-08
222,369.90172015676836,8.301394e-08
223,371.5679441214385,8.330229e-08
224,373.23416808610864,8.40483e-08
225,374.90039205077875,8.3515765e-08
226,376.56661601544886,8.236667e-08
227,378.232839980119,8.4122625e-08
228,379.89906394478913,8.574442e-08
229,381.56528790945924,8.3012104e-08
230,383.2315118741294,8.3364334e-08
231,384.8977358387995,8.3744304e-08
232,386.56395980346963,8.309971e-08
233,388.2301837681398,8.1380314e-08
234,389.8964077328099,8.4291685e-08
235,391.56263169748,8.637121e-08
236,393.2288556621502,8.5062084e-08
237,394.8950796268203,8.234669e-08
238,396.5613035914904,8.4202206e-08
239,398.22752755616057,8.339479e-08
240,399.8937515208307,8.3626674e-08
241,401.5599754855008,8.3523595e-08
242,403.22619945017095,8.382953e-08
243,404.89242341484106,8.328817e-08
244,406.55864737951117,8.387004e-08
245,408.2248713441813,8.474809e-08
246,409.89109530885145,8.403028e-08
247,411.55731927352156,8.233931e-08
248,413.22354323819167,8.307608e-08
249,414.88976720286183,8.401531e-08
250,416.55599116753194,8.389936e-08
251,418.22221513220205,8.2521595e-08
252,419.8884390968722,8.361383e-08
253,421.5546630615423,8.67758e-08
254,423.22088702621244,8.576972e-08
255,424.8871109908826,8.47775e-08
256,426.5533349555527,8.333525e-08
257,428.2195589202228,8.333102e-08
258,429.885782884893,8.149505e-08
259,431.5520068495631,8.427079e-08
260,433.2182308142332,8.533649e-08
261,434.8844547789034,8.390832e-08
262,436.5506787435735,8.245766e-08
263,438.2169027082436,8.179643e-08
264,439.88312667291376,8.256121e-08
265,441.54935063758387,8.46289e-08
266,443.215574602254,8.242555e-08
267,444.88179856692415,8.394527e-08
268,446.54802253159426,8.508044e-08
269,448.21424649626437,8.515968e-08
270,449.8804704609345,8.399489e-08
271,451.54669442560464,8.253017e-08
272,453.21291839027475,8.105822e-08
273,454.87914235494486,8.221575e-08
274,456.545366319615,8.522948e-08
275,458.21159028428514,8.506134e-08
276,459.87781424895525,8.391035e-08
277,461.5440382136254,8.386817e-08
278,463.2102621782955,8.474934e-08
279,464.87648614296563,8.4260705e-08
280,466.5427101076358,8.357494e-08
281,468.2089340723059,8.453219e-08
282,469.875158036976,8.4220616e-08
283,471.5413820016462,8.302641e-08
284,473.2076059663163,8.330376e-08
285,474.8738299309864,8.393099e-08
286,476.54005389565657,8.422392e-08
287,478.2062778603267,8.3947924e-08
288,479.8725018249968,8.407657e-08
289,481.53872578966696,8.417113e-08
290,483.20494975433706,8.26983e-08
291,484.8711737190072,8.3455724e-08
292,486.53739768367734,8.3909846e-08
293,488.20362164834745,8.433433e-08
294,489.86984561301756,8.546912e-08
295,491.53606957768767,8.553974e-08
296,493.20229354235784,8.477027e-08
297,494.86851750702795,8.347855e-08
298,496.53474147169806,8.504204e-08
299,498.2009654363682,8.5056406e-08
300,499.86718940103833,8.453274e-08
301,501.53341336570844,8.4892825e-08
302,503.1996373303786,8.520412e-08
303,504.8658612950487,8.5341064e-08
304,506.5320852597188,8.429842e-08
305,508.198309224389,8.6121915e-08
306,509.8645331890591,8.753148e-08
307,511.5307571537292,8.6118895e-08
308,513.1969811183993,8.5860805e-08
309,514.8632050830695,8.6906084e-08
310,516.5294290477397,8.629523e-08
311,518.1956530124097,8.608764e-08
312,519.8618769770799,8.617409e-08
313,521.52810094175,8.540526e-08
314,523.1943249064201,8.703003e-08
315,524.8605488710903,8.8889365e-08
316,526.5267728357604,8.574746e-08
317,528.1929968004305,8.6054264e-08
318,529.8592207651006,8.712547e-08
319,531.5254447297708,8.837106e-08
320,533.1916686944409,8.723399e-08
321,534.857892659111,8.7812296e-08
322,536.5241166237812,8.8328086e-08
323,538.1903405884512,8.60295e-08
324,539.8565645531214,8.6418616e-08
325,541.5227885177916,8.800595e-08
326,543.1890124824616,8.783553e-08
327,544.8552364471318,8.5997854e-08
328,546.521460411802,8.7461274e-08
329,548.187684376472,8.90892e-08
330,549.8539083411422,8.930692e-08
331,551.5201323058124,8.858301e-08
332,553.1863562704824,8.965056e-08
333,554.8525802351526,8.9059974e-08
334,556.5188041998226,8.745205e-08
335,558.1850281644928,8.676978e-08
336,559.851252129163,8.944273e-08
337,561.517476093833,9.099038e-08
338,563.1837000585032,8.692167e-08
339,564.8499240231733,8.6402146e-08
340,566.5161479878434,8.8303196e-08
341,568.1823719525136,8.933945e-08
342,569.8485959171837,8.83221e-08
343,571.5148198818538,8.880743e-08
344,573.181043846524,8.8831094e-08
345,574.8472678111941,8.906827e-08
346,576.5134917758642,8.8273595e-08
347,578.1797157405343,8.790875e-08
348,579.8459397052045,8.856677e-08
349,581.5121636698746,8.8437304e-08
350,583.1783876345447,8.8519364e-08
351,584.8446115992149,8.749306e-08
352,586.5108355638849,8.982152e-08
353,588.1770595285551,9.019049e-08
354,589.8432834932253,8.755642e-08
355,591.5095074578953,8.765435e-08
356,593.1757314225655,8.894586e-08
357,594.8419553872357,8.974432e-08
358,596.5081793519057,8.892872e-08
359,598.1744033165759,9.0569586e-08
360,599.840627281246,9.029864e-08
361,601.5068512459161,8.9254215e-08
362,603.1730752105863,9.03165e-08
363,604.8392991752564,8.9748156e-08
364,606.5055231399265,8.988828e-08
365,608.1717471045966,8.895374e-08
366,609.8379710692668,9.121885e-08
367,611.5041950339369,8.963903e-08
368,613.170418998607,8.7713424e-08
369,614.8366429632772,8.7486846e-08
370,616.5028669279473,9.0401656e-08
371,618.1690908926174,8.997181e-08
372,619.8353148572876,8.9623e-08
373,621.5015388219576,8.852563e-08
374,623.1677627866278,9.0170694e-08
375,624.833986751298,9.019495e-08
376,626.500210715968,9.0373774e-08
377,628.1664346806382,9.111799e-08
378,629.8326586453084,9.025731e-08
379,631.4988826099784,9.064644e-08
380,633.1651065746486,9.162523e-08
381,634.8313305393187,9.266141e-08
382,636.4975545039888,9.138081e-08
383,638.163778468659,9.060215e-08
384,639.8300024333291,8.994598e-08
385,641.4962263979992,9.2020876e-08
386,643.1624503626693,9.1361784e-08
387,644.8286743273394,9.0577835e-08
388,646.4948982920096,9.083168e-08
389,648.1611222566797,8.902667e-08
390,649.8273462213498,8.9848086e-08
391,651.49357018602,9.138735e-08
392,653.1597941506901,9.016808e-08
393,654.8260181153602,8.9836306e-08
394,656.4922420800303,9.1265036e-08
395,658.1584660447005,9.0571696e-08
396,659.8246900093706,9.039117e-08
397,661.4909139740407,9.1142496e-08
398,663.1571379387109,9.310392e-08
399,664.8233619033809,9.0662574e-08
400,666.4895858680511,8.9239634e-08
401,668.1558098327213,9.17279e-08
402,669.8220337973913,9.3026884e-08
403,671.4882577620615,9.3598835e-08
404,673.1544817267317,9.114498e-08
405,674.8207056914017,9.096663e-08
406,676.4869296560719,9.125585e-08
407,678.153153620742,9.1773884e-08
408,679.8193775854121,9.172908e-08
409,681.4856015500823,9.2245976e-08
410,683.1518255147524,9.1317794e-08
411,684.8180494794225,9.265656e-08
412,686.4842734440927,9.236466e-08
413,688.1504974087628,9.237856e-08
414,689.8167213734329,9.289496e-08
415,691.482945338103,9.205358e-08
416,693.1491693027732,9.359568e-08
417,694.8153932674433,9.34788e-08
418,696.4816172321134,9.333057e-08
419,698.1478411967836,9.241046e-08
420,699.8140651614536,9.3533416e-08
421,701.4802891261238,9.340043e-08
422,703.146513090794,9.216259e-08
423,704.812737055464,9.075242e-08
424,706.4789610201342,9.1440654e-08
425,708.1451849848044,9.296484e-08
426,709.8114089494744,9.304413e-08
427,711.4776329141446,9.2075304e-08
428,713.1438568788147,9.2840374e-08
429,714.8100808434848,9.435223e-08
430,716.476304808155,9.256301e-08
431,718.1425287728251,9.318736e-08
432,719.8087527374952,9.356513e-08
433,721.4749767021653,9.22246e-08
434,723.1412006668355,9.2608914e-08
435,724.8074246315056,9.3726456e-08
436,726.4736485961757,9.1237304e-08
437,728.1398725608458,9.2908344e-08
438,729.806096525516,9.313472e-08
439,731.4723204901861,9.4059025e-08
440,733.1385444548562,9.327366e-08
441,734.8047684195263,9.448562e-08
442,736.4709923841965,9.269172e-08
443,738.1372163488666,9.235341e-08
444,739.8034403135367,9.3030586e-08
445,741.4696642782069,9.397364e-08
446,743.135888242877,9.29017e-08
447,744.8021122075471,9.3709104e-08
448,746.4683361722173,9.364542e-08
449,748.1345601368873,9.38431e-08
450,749.8007841015575,9.53991e-08
451,751.4670080662277,9.4598015e-08
452,753.1332320308977,9.309724e-08
453,754.7994559955679,9.222722e-08
454,756.465679960238,9.304389e-08
455,758.1319039249081,9.23365e-08
456,759.7981278895783,9.2902404e-08
457,761.4643518542484,9.3576e-08
458,763.1305758189185,9.367503e-08
459,764.7967997835887,9.25302e-08
460,766.4630237482588,9.347227e-08
461,768.1292477129289,9.488648e-08
462,769.795471677599,9.462669e-08
463,771.4616956422692,9.374895e-08
464,773.1279196069393,9.378049e-08
465,774.7941435716094,9.482415e-08
466,776.4603675362796,9.43741e-08
467,778.1265915009496,9.4610925e-08
468,779.7928154656198,9.42847e-08
469,781.45903943029,9.3966044e-08
470,783.12526339496,9.4044545e-08
471,784.7914873596302,9.5847334e-08
472,786.4577113243004,9.512778e-08
473,788.1239352889704,9.293435e-08
474,789.7901592536406,9.347596e-08
475,791.4563832183107,9.453128e-08
476,793.1226071829808,9.3420326e-08
477,794.788831147651,9.283943e-08
478,796.4550551123211,9.290774e-08
479,798.1212790769912,9.299068e-08
480,799.7875030416614,9.508989e-08
481,801.4537270063315,9.5043326e-08
482,803.1199509710016,9.444104e-08
483,804.7861749356717,9.356164e-08
484,806.4523989003419,9.301962e-08
485,808.118622865012,9.466159e-08
486,809.7848468296821,9.333979e-08
487,811.4510707943522,9.251634e-08
488,813.1172947590223,9.178929e-08
489,814.7835187236925,9.517117e-08
490,816.4497426883626,9.43396e-08
491,818.1159666530327,9.338186e-08
492,819.7821906177029,9.362425e-08
493,821.448414582373,9.409986e-08
494,823.1146385470431,9.3270906e-08
495,824.7808625117133,9.2193595e-08
496,826.4470864763833,9.387276e-08
497,828.1133104410535,9.284359e-08
498,829.7795344057237,9.360472e-08
499,831.4457583703937,9.489177e-08
500,833.1119823350639,9.4167994e-08
501,834.778206299734,9.231899e-08
502,836.4444302644041,9.2418226e-08
503,838.1106542290743,9.368781e-08
504,839.7768781937444,9.4318985e-08
505,841.4431021584145,9.2728264e-08
506,843.1093261230847,9.2484164e-08
507,844.7755500877548,9.385393e-08
508,846.4417740524249,9.50424e-08
509,848.107998017095,9.394628e-08
510,849.7742219817652,9.184558e-08
511,851.4404459464353,9.3590096e-08
512,853.1066699111054,9.3162264e-08
513,854.7728938757756,9.421626e-08
514,856.4391178404456,9.2412286e-08
515,858.1053418051158,9.289062e-08
516,859.771565769786,9.181258e-08
517,861.437789734456,9.175276e-08
518,863.1040136991262,9.31965e-08
519,864.7702376637964,9.568876e-08
520,866.4364616284664,9.450761e-08
521,868.1026855931366,9.203678e-08
522,869.7689095578068,9.334351e-08
523,871.4351335224768,9.4375274e-08
524,873.101357487147,9.4263704e-08
525,874.7675814518171,9.420624e-08
526,876.4338054164872,9.3866234e-08
527,878.1000293811574,9.2411625e-08
528,879.7662533458275,9.224729e-08
529,881.4324773104976,9.275597e-08
530,883.0987012751677,9.377734e-08
531,884.7649252398379,9.472248e-08
532,886.431149204508,9.293491e-08
533,888.0973731691781,9.251449e-08
534,889.7635971338483,9.399052e-08
535,891.4298210985183,9.282629e-08
536,893.0960450631885,9.112895e-08
537,894.7622690278587,9.377626e-08
538,896.4284929925287,9.270419e-08
539,898.0947169571989,9.2402416e-08
540,899.760940921869,9.20414e-08
541,901.4271648865391,9.4726e-08
542,903.0933888512093,9.3874164e-08
543,904.7596128158793,9.2771714e-08
544,906.4258367805495,9.374882e-08
545,908.0920607452197,9.5726996e-08
546,909.7582847098897,9.397935e-08
547,911.4245086745599,9.360501e-08
548,913.09073263923,9.308109e-08
549,914.7569566039001,9.310904e-08
550,916.4231805685703,9.396343e-08
551,918.0894045332404,9.2882985e-08
552,919.7556284979105,9.3573e-08
553,921.4218524625807,9.384516e-08
554,923.0880764272508,9.2376425e-08
555,924.7543003919209,9.44235e-08
556,926.420524356591,9.3831396e-08
557,928.0867483212612,9.1948976e-08
558,929.7529722859313,9.416314e-08
559,931.4191962506014,9.3773785e-08
560,933.0854202152716,9.4493316e-08
561,934.7516441799416,9.290011e-08
562,936.4178681446118,9.206213e-08
563,938.084092109282,9.268371e-08
564,939.750316073952,9.387345e-08
565,941.4165400386222,9.415459e-08
566,943.0827640032924,9.304866e-08
567,944.7489879679624,9.201847e-08
568,946.4152119326326,9.285577e-08
569,948.0814358973028,9.1975515e-08
570,949.7476598619728,9.2961244e-08
571,951.413883826643,9.2336265e-08
572,953.0801077913131,9.0487674e-08
573,954.7463317559832,9.1183196e-08
574,956.4125557206534,9.161398e-08
575,958.0787796853235,9.3854545e-08
576,959.7450036499936,9.2939835e-08
577,961.4112276146637,9.130043e-08
578,963.0774515793339,9.118643e-08
579,964.743675544004,9.202583e-08
580,966.4098995086741,9.308663e-08
581,968.0761234733443,9.27184e-08
582,969.7423474380143,9.144354e-08
583,971.4085714026845,9.061134e-08
584,973.0747953673547,9.1586855e-08
585,974.7410193320247,9.224151e-08
586,976.4072432966949,9.182464e-08
587,978.0734672613651,9.36712e-08
588,979.7396912260351,9.225243e-08
589,981.4059151907053,9.0692374e-08
590,983.0721391553753,9.107256e-08
591,984.7383631200455,9.170886e-08
592,986.4045870847157,9.183572e-08
593,988.0708110493857,9.2492094e-08
594,989.7370350140559,9.171743e-08
595,991.4032589787261,9.217682e-08
596,993.0694829433961,9.100027e-08
597,994.7357069080663,9.154296e-08
598,996.4019308727364,9.1673435e-08
599,998.0681548374065,9.1787705e-08
600,999.7343788020767,9.19053e-08
601,1001.4006027667468,9.222785e-08
602,1003.0668267314169,9.031367e-08
603,1004.733050696087,9.03906e-08
604,1006.3992746607572,9.252918e-08
605,1008.0654986254273,9.166536e-08
606,1009.7317225900974,9.014886e-08
607,1011.3979465547676,9.120791e-08
608,1013.0641705194377,9.155617e-08
609,1014.7303944841078,9.125225e-08
610,1016.396618448778,8.9187665e-08
611,1018.062842413448,9.021727e-08
612,1019.7290663781182,9.166214e-08
613,1021.3952903427884,9.28346e-08
614,1023.0615143074584,9.191074e-08
615,1024.7277382721286,9.062184e-08
616,1026.3939622367986,9.070676e-08
617,1028.060186201469,8.980146e-08
618,1029.726410166139,9.267077e-08
619,1031.392634130809,9.440431e-08
620,1033.0588580954793,9.29996e-08
621,1034.7250820601494,9.1155535e-08
622,1036.3913060248194,9.029028e-08
623,1038.0575299894897,8.9916966e-08
624,1039.7237539541597,9.177107e-08
625,1041.3899779188298,9.109549e-08
626,1043.0562018835,9.1018606e-08
627,1044.7224258481701,9.1543846e-08
628,1046.3886498128402,9.0097295e-08
629,1048.0548737775105,8.9905186e-08
630,1049.7210977421805,8.965066e-08
631,1051.3873217068506,9.0024045e-08
632,1053.0535456715209,9.018358e-08
633,1054.719769636191,9.100442e-08
634,1056.385993600861,8.851092e-08
635,1058.0522175655312,9.012129e-08
636,1059.7184415302013,9.131369e-08
637,1061.3846654948713,9.016149e-08
638,1063.0508894595416,8.95849e-08
639,1064.7171134242117,8.997855e-08
640,1066.3833373888817,8.984162e-08
641,1068.049561353552,8.8554984e-08
642,1069.715785318222,8.959022e-08
643,1071.382009282892,9.059433e-08
644,1073.0482332475624,8.9731614e-08
645,1074.7144572122324,8.964912e-08
646,1076.3806811769025,9.105641e-08
647,1078.0469051415728,8.9809824e-08
648,1079.7131291062428,8.9714504e-08
649,1081.3793530709129,8.94451e-08
650,1083.0455770355832,9.0463544e-08
651,1084.7118010002532,9.0242196e-08
652,1086.3780249649233,8.8664414e-08
653,1088.0442489295936,8.951805e-08
654,1089.7104728942636,8.967205e-08
655,1091.3766968589337,9.173314e-08
656,1093.042920823604,9.080519e-08
657,1094.709144788274,8.868858e-08
658,1096.375368752944,8.8441325e-08
659,1098.0415927176143,8.9521485e-08
660,1099.7078166822844,9.125123e-08
661,1101.3740406469544,8.896081e-08
662,1103.0402646116247,9.0907356e-08
663,1104.7064885762948,9.169946e-08
664,1106.3727125409648,8.976725e-08
665,1108.038936505635,9.006605e-08
666,1109.7051604703051,8.814925e-08
667,1111.3713844349752,8.831331e-08
668,1113.0376083996453,8.9096346e-08
669,1114.7038323643155,9.1027815e-08
670,1116.3700563289856,9.138172e-08
671,1118.0362802936556,8.924718e-08
672,1119.702504258326,8.780476e-08
673,1121.368728222996,8.874561e-08
674,1123.034952187666,8.877416e-08
675,1124.7011761523363,8.752727e-08
676,1126.3674001170064,8.823115e-08
677,1128.0336240816764,9.0211834e-08
678,1129.6998480463467,8.938605e-08
679,1131.3660720110167,8.860981e-08
680,1133.0322959756868,8.816724e-08
681,1134.698519940357,8.734762e-08
682,1136.3647439050271,8.916244e-08
683,1138.0309678696972,8.938948e-08
684,1139.6971918343675,9.020454e-08
685,1141.3634157990375,8.9749655e-08
686,1143.0296397637076,9.0276224e-08
687,1144.6958637283778,8.927664e-08
688,1146.362087693048,8.81278e-08
689,1148.028311657718,8.868551e-08
690,1149.6945356223882,8.826291e-08
691,1151.3607595870583,8.9073495e-08
692,1153.0269835517283,8.955221e-08
693,1154.6932075163986,8.85864e-08
694,1156.3594314810687,8.938474e-08
695,1158.0256554457387,8.659337e-08
696,1159.691879410409,8.889285e-08
697,1161.358103375079,8.866879e-08
698,1163.024327339749,8.861446e-08
699,1164.6905513044194,8.754747e-08
700,1166.3567752690894,8.719217e-08
701,1168.0229992337595,8.921567e-08
702,1169.6892231984298,8.789036e-08
703,1171.3554471630998,8.894874e-08
704,1173.0216711277699,8.7335145e-08
705,1174.6878950924402,8.812597e-08
706,1176.3541190571102,8.8400476e-08
707,1178.0203430217803,8.8451806e-08
708,1179.6865669864505,8.873213e-08
709,1181.3527909511206,8.636425e-08
710,1183.0190149157906,8.6490225e-08
711,1184.685238880461,8.8969365e-08
712,1186.351462845131,9.010287e-08
713,1188.017686809801,8.950481e-08
714,1189.6839107744713,8.8278135e-08
715,1191.3501347391414,8.622935e-08
716,1193.0163587038114,8.7606054e-08
717,1194.6825826684817,8.655711e-08
718,1196.3488066331518,8.717182e-08
719,1198.0150305978218,8.733551e-08
720,1199.681254562492,8.82298e-08
721,1201.3474785271621,8.691719e-08
722,1203.0137024918322,8.734708e-08
723,1204.6799264565025,8.633804e-08
724,1206.3461504211725,8.852151e-08
725,1208.0123743858426,8.903678e-08
726,1209.6785983505129,8.806038e-08
727,1211.344822315183,8.637544e-08
728,1213.011046279853,8.748803e-08
729,1214.6772702445232,8.5802185e-08
730,1216.3434942091933,8.682606e-08
731,1218.0097181738633,8.979703e-08
732,1219.6759421385336,9.054393e-08
733,1221.3421661032037,8.656738e-08
734,1223.0083900678737,8.5435886e-08
735,1224.674614032544,8.8302365e-08
736,1226.340837997214,8.7734975e-08
737,1228.0070619618841,8.8405855e-08
738,1229.6732859265544,8.6901416e-08
739,1231.3395098912245,8.640852e-08
740,1233.0057338558945,8.652478e-08
741,1234.6719578205648,8.803152e-08
742,1236.3381817852348,8.780746e-08
743,1238.004405749905,8.6874415e-08
744,1239.6706297145752,8.775465e-08
745,1241.3368536792452,8.842764e-08
746,1243.0030776439153,8.785064e-08
747,1244.6693016085856,8.840644e-08
748,1246.3355255732556,8.840899e-08
749,1248.0017495379257,8.675193e-08
750,1249.667973502596,8.738008e-08
751,1251.334197467266,8.807946e-08
752,1253.000421431936,8.82279e-08
753,1254.6666453966063,8.672135e-08
754,1256.3328693612764,8.6816634e-08
755,1257.9990933259464,8.569669e-08
756,1259.6653172906167,8.695005e-08
757,1261.3315412552868,8.7225594e-08
758,1262.9977652199568,8.645185e-08
759,1264.663989184627,8.709114e-08
760,1266.3302131492972,8.8222556e-08
761,1267.9964371139672,8.872443e-08
762,1269.6626610786375,8.850504e-08
763,1271.3288850433075,8.8538066e-08
764,1272.9951090079776,8.7541515e-08
765,1274.6613329726479,8.626922e-08
766,1276.327556937318,8.720641e-08
767,1277.993780901988,8.749285e-08
768,1279.6600048666583,8.703592e-08
769,1281.3262288313283,8.650094e-08
770,1282.9924527959984,8.735298e-08
771,1284.6586767606684,8.581393e-08
772,1286.3249007253387,8.5041215e-08
773,1287.9911246900087,8.58429e-08
774,1289.6573486546788,8.659436e-08
775,1291.323572619349,8.59601e-08
776,1292.9897965840191,8.616291e-08
777,1294.6560205486892,8.5719776e-08
778,1296.3222445133595,8.558425e-08
779,1297.9884684780295,8.6431946e-08
780,1299.6546924426996,8.6659064e-08
781,1301.3209164073699,8.814015e-08
782,1302.98714037204,8.6152276e-08
783,1304.65336433671,8.571376e-08
784,1306.3195883013802,8.7632806e-08
785,1307.9858122660503,8.79887e-08
786,1309.6520362307203,8.8242174e-08
787,1311.3182601953906,8.5864386e-08
788,1312.9844841600607,8.694102e-08
789,1314.6507081247307,8.615337e-08
790,1316.316932089401,8.793946e-08
791,1317.983156054071,8.708357e-08
792,1319.649380018741,8.627619e-08
793,1321.3156039834114,8.6380275e-08
794,1322.9818279480814,8.6914575e-08
795,1324.6480519127515,8.6643176e-08
796,1326.3142758774218,8.696054e-08
797,1327.9804998420918,8.762698e-08
798,1329.6467238067619,8.672324e-08
799,1331.3129477714322,8.625962e-08
800,1332.9791717361022,8.6418474e-08
801,1334.6453957007723,8.639696e-08
802,1336.3116196654425,8.4965706e-08
803,1337.9778436301126,8.5434145e-08
804,1339.6440675947827,8.692361e-08
805,1341.310291559453,8.670754e-08
806,1342.976515524123,8.6188e-08
807,1344.642739488793,8.758749e-08
808,1346.3089634534633,8.7112724e-08
809,1347.9751874181334,8.709632e-08
810,1349.6414113828034,8.7550035e-08
811,1351.3076353474737,8.7790816e-08
812,1352.9738593121438,8.700552e-08
813,1354.6400832768138,8.575526e-08
814,1356.306307241484,8.532487e-08
815,1357.9725312061541,8.615011e-08
816,1359.6387551708242,8.652647e-08
817,1361.3049791354945,8.7280384e-08
818,1362.9712031001645,8.644073e-08
819,1364.6374270648346,8.6815724e-08
820,1366.3036510295049,8.603385e-08
821,1367.969874994175,8.629778e-08
822,1369.636098958845,8.747316e-08
823,1371.3023229235152,8.625517e-08
824,1372.9685468881853,8.455946e-08
825,1374.6347708528554,8.5462766e-08
826,1376.3009948175256,8.79665e-08
827,1377.9672187821957,8.601835e-08
828,1379.6334427468657,8.606835e-08
829,1381.299666711536,8.7453365e-08
830,1382.965890676206,8.587875e-08
831,1384.6321146408761,8.5694026e-08
832,1386.2983386055464,8.5512504e-08
833,1387.9645625702165,8.599159e-08
834,1389.6307865348865,8.633909e-08
835,1391.2970104995568,8.492085e-08
836,1392.9632344642268,8.619797e-08
837,1394.629458428897,8.648447e-08
838,1396.2956823935672,8.576382e-08
839,1397.9619063582372,8.482155e-08
840,1399.6281303229073,8.686326e-08
841,1401.2943542875776,8.5572154e-08
842,1402.9605782522476,8.5385935e-08
843,1404.6268022169177,8.5957666e-08
844,1406.293026181588,8.585933e-08
845,1407.959250146258,8.4697625e-08
846,1409.625474110928,8.4779444e-08
847,1411.2916980755983,8.5199474e-08
848,1412.9579220402684,8.4739284e-08
849,1414.6241460049384,8.6085294e-08
850,1416.2903699696087,8.547444e-08
851,1417.9565939342788,8.474164e-08
852,1419.6228178989488,8.573908e-08
853,1421.289041863619,8.564859e-08
854,1422.9552658282892,8.560911e-08
855,1424.6214897929592,8.56314e-08
856,1426.2877137576295,8.588937e-08
857,1427.9539377222995,8.479077e-08
858,1429.6201616869696,8.458407e-08
859,1431.2863856516399,8.443223e-08
860,1432.95260961631,8.559405e-08
861,1434.61883358098,8.597859e-08
862,1436.2850575456503,8.321552e-08
863,1437.9512815103203,8.466671e-08
864,1439.6175054749904,8.583884e-08
865,1441.2837294396606,8.4605354e-08
866,1442.9499534043307,8.465934e-08
867,1444.6161773690008,8.397394e-08
868,1446.282401333671,8.572185e-08
869,1447.948625298341,8.5651756e-08
870,1449.6148492630111,8.5965965e-08
871,1451.2810732276812,8.685971e-08
872,1452.9472971923515,8.508512e-08
873,1454.6135211570215,8.582393e-08
874,1456.2797451216916,8.553383e-08
875,1457.9459690863619,8.50256e-08
876,1459.612193051032,8.3776804e-08
877,1461.278417015702,8.590844e-08
878,1462.9446409803722,8.566429e-08
879,1464.6108649450423,8.437263e-08
880,1466.2770889097123,8.3335934e-08
881,1467.9433128743826,8.5208484e-08
882,1469.6095368390527,8.3984496e-08
883,1471.2757608037227,8.4847365e-08
884,1472.941984768393,8.348191e-08
885,1474.608208733063,8.411078e-08
886,1476.2744326977331,8.648612e-08
887,1477.9406566624034,8.5323165e-08
888,1479.6068806270735,8.463572e-08
889,1481.2731045917435,8.449895e-08
890,1482.9393285564138,8.3949686e-08
891,1484.6055525210838,8.313181e-08
892,1486.271776485754,8.483405e-08
893,1487.9380004504242,8.439937e-08
894,1489.6042244150942,8.562887e-08
895,1491.2704483797643,8.478584e-08
896,1492.9366723444346,8.516405e-08
897,1494.6028963091046,8.509289e-08
898,1496.2691202737747,8.4819426e-08
899,1497.935344238445,8.5209614e-08
900,1499.601568203115,8.403621e-08
901,1501.267792167785,8.428365e-08
902,1502.9340161324553,8.408926e-08
903,1504.6002400971254,8.4896705e-08
904,1506.2664640617954,8.6368246e-08
905,1507.9326880264657,8.603249e-08
906,1509.5989119911358,8.4931955e-08
907,1511.2651359558058,8.4515264e-08
908,1512.931359920476,8.354874e-08
909,1514.5975838851462,8.4264755e-08
910,1516.2638078498162,8.39012e-08
911,1517.9300318144865,8.495826e-08
912,1519.5962557791565,8.541418e-08
913,1521.2624797438266,8.584825e-08
914,1522.9287037084969,8.423103e-08
915,1524.594927673167,8.3539646e-08
916,1526.261151637837,8.3667416e-08
917,1527.9273756025073,8.445392e-08
918,1529.5935995671773,8.520221e-08
919,1531.2598235318474,8.5904375e-08
920,1532.9260474965176,8.486767e-08
921,1534.5922714611877,8.38512e-08
922,1536.2584954258577,8.475553e-08
923,1537.924719390528,8.3775376e-08
924,1539.590943355198,8.586358e-08
925,1541.2571673198681,8.589756e-08
926,1542.9233912845384,8.42757e-08
927,1544.5896152492085,8.320537e-08
928,1546.2558392138785,8.4033346e-08
929,1547.9220631785488,8.522111e-08
930,1549.5882871432188,8.509091e-08
931,1551.254511107889,8.463512e-08
932,1552.9207350725592,8.4055785e-08
933,1554.5869590372292,8.561692e-08
934,1556.2531830018993,8.587441e-08
935,1557.9194069665696,8.4396405e-08
936,1559.5856309312396,8.320183e-08
937,1561.2518548959097,8.587605e-08
938,1562.91807886058,8.5284775e-08
939,1564.58430282525,8.538081e-08
940,1566.25052678992,8.3737156e-08
941,1567.9167507545903,8.6192756e-08
942,1569.5829747192604,8.558331e-08
943,1571.2491986839304,8.455632e-08
944,1572.9154226486007,8.430687e-08
945,1574.5816466132708,8.492874e-08
946,1576.2478705779408,8.420224e-08
947,1577.914094542611,8.3113534e-08
948,1579.5803185072812,8.1706155e-08
949,1581.2465424719512,8.4458094e-08
950,1582.9127664366215,8.514066e-08
951,1584.5789904012915,8.324695e-08
952,1586.2452143659616,8.514863e-08
953,1587.9114383306319,8.3455085e-08
954,1589.577662295302,8.330862e-08
955,1591.243886259972,8.353367e-08
956,1592.9101102246423,8.5529635e-08
957,1594.5763341893123,8.504041e-08
958,1596.2425581539824,8.365007e-08
959,1597.9087821186527,8.395368e-08
960,1599.5750060833227,8.493097e-08
961,1601.2412300479928,8.437292e-08
962,1602.907454012663,8.3326654e-08
963,1604.573677977333,8.362807e-08
964,1606.2399019420031,8.4569656e-08
965,1607.9061259066734,8.4881364e-08
966,1609.5723498713435,8.312555e-08
967,1611.2385738360135,8.407738e-08
968,1612.9047978006838,8.462278e-08
969,1614.5710217653539,8.438942e-08
970,1616.237245730024,8.469954e-08
971,1617.9034696946942,8.528551e-08
972,1619.5696936593642,8.388481e-08
973,1621.2359176240343,8.399649e-08
974,1622.9021415887044,8.47143e-08
975,1624.5683655533746,8.436397e-08
976,1626.2345895180447,8.402181e-08
977,1627.9008134827147,8.3961986e-08
978,1629.567037447385,8.556269e-08
979,1631.233261412055,8.4503824e-08
980,1632.8994853767251,8.513743e-08
981,1634.5657093413954,8.281691e-08
982,1636.2319333060655,8.399313e-08
983,1637.8981572707355,8.384927e-08
984,1639.5643812354058,8.351852e-08
985,1641.2306052000758,8.337047e-08
986,1642.896829164746,8.446209e-08
987,1644.5630531294162,8.412689e-08
988,1646.2292770940862,8.377315e-08
989,1647.8955010587563,8.3500204e-08
990,1649.5617250234266,8.3773365e-08
991,1651.2279489880966,8.28381e-08
992,1652.8941729527667,8.310642e-08
993,1654.560396917437,8.3516284e-08
994,1656.226620882107,8.373477e-08
995,1657.892844846777,8.4048786e-08
996,1659.5590688114473,8.511969e-08
997,1661.2252927761174,8.441224e-08
998,1662.8915167407874,8.428845e-08
999,1664.5577407054577,8.26395e-08
1000,1666.2239646701278,8.3462304e-08
1001,1667.8901886347978,8.351481e-08
1002,1669.556412599468,8.341637e-08
1003,1671.2226365641382,8.410353e-08
1004,1672.8888605288082,8.4048665e-08
1005,1674.5550844934785,8.436505e-08
1006,1676.2213084581485,8.241621e-08
1007,1677.8875324228186,8.4019334e-08
1008,1679.5537563874889,8.459397e-08
1009,1681.219980352159,8.509707e-08
1010,1682.886204316829,8.37701e-08
1011,1684.5524282814993,8.289808e-08
1012,1686.2186522461693,8.258985e-08
1013,1687.8848762108394,8.333898e-08
1014,1689.5511001755096,8.251566e-08
1015,1691.2173241401797,8.330373e-08
1016,1692.8835481048498,8.450813e-08
1017,1694.54977206952,8.3454786e-08
1018,1696.21599603419,8.3765826e-08
1019,1697.8822199988601,8.423826e-08
1020,1699.5484439635304,8.329238e-08
1021,1701.2146679282005,8.2243396e-08
1022,1702.8808918928705,8.357665e-08
1023,1704.5471158575408,8.397551e-08
1024,1706.2133398222109,8.435576e-08
1025,1707.879563786881,8.2091574e-08
1026,1709.5457877515512,8.421501e-08
1027,1711.2120117162212,8.343489e-08
1028,1712.8782356808913,8.312376e-08
1029,1714.5444596455616,8.180506e-08
1030,1716.2106836102316,8.286403e-08
1031,1717.8769075749017,8.2765965e-08
1032,1719.543131539572,8.375912e-08
1033,1721.209355504242,8.2907626e-08
1034,1722.875579468912,8.342619e-08
1035,1724.5418034335823,8.362803e-08
1036,1726.2080273982524,8.3695134e-08
1037,1727.8742513629225,8.2638614e-08
1038,1729.5404753275927,8.218783e-08
1039,1731.2066992922628,8.271083e-08
1040,1732.8729232569328,8.366481e-08
1041,1734.5391472216031,8.289712e-08
1042,1736.2053711862732,8.2737486e-08
1043,1737.8715951509432,8.3736545e-08
1044,1739.5378191156135,8.397665e-08
1045,1741.2040430802836,8.089901e-08
1046,1742.8702670449536,8.175964e-08
1047,1744.536491009624,8.409965e-08
1048,1746.202714974294,8.50403e-08
1049,1747.868938938964,8.4847535e-08
1050,1749.5351629036343,8.491021e-08
1051,1751.2013868683043,8.4139636e-08
1052,1752.8676108329744,8.21209e-08
1053,1754.5338347976447,8.240604e-08
1054,1756.2000587623147,8.272791e-08
1055,1757.8662827269848,8.312833e-08
1056,1759.532506691655,8.427452e-08
1057,1761.198730656325,8.273258e-08
1058,1762.8649546209951,8.4688935e-08
1059,1764.5311785856654,8.427733e-08
1060,1766.1974025503355,8.377607e-08
1061,1767.8636265150055,8.2377206e-08
1062,1769.5298504796758,8.316742e-08
1063,1771.1960744443459,8.493126e-08
1064,1772.862298409016,8.5375994e-08
1065,1774.5285223736862,8.358232e-08
1066,1776.1947463383563,8.4808484e-08
1067,1777.8609703030263,8.3064144e-08
1068,1779.5271942676966,8.3644835e-08
1069,1781.1934182323666,8.272859e-08
1070,1782.8596421970367,8.2453916e-08
1071,1784.525866161707,8.447033e-08
1072,1786.192090126377,8.432481e-08
1073,1787.858314091047,8.44706e-08
1074,1789.5245380557174,8.205186e-08
1075,1791.1907620203874,8.3851724e-08
1076,1792.8569859850575,8.562709e-08
1077,1794.5232099497275,8.367134e-08
1078,1796.1894339143978,8.3963386e-08
1079,1797.8556578790678,8.396921e-08
1080,1799.521881843738,8.3755914e-08
1081,1801.1881058084082,8.458401e-08
1082,1802.8543297730782,8.438085e-08
1083,1804.5205537377483,8.4863835e-08
1084,1806.1867777024186,8.474707e-08
1085,1807.8530016670886,8.449575e-08
1086,1809.5192256317587,8.419625e-08
1087,1811.185449596429,8.283364e-08
1088,1812.851673561099,8.3371134e-08
1089,1814.517897525769,8.3345114e-08
1090,1816.1841214904393,8.594379e-08
1091,1817.8503454551094,8.598237e-08
1092,1819.5165694197794,8.4845894e-08
1093,1821.1827933844497,8.435322e-08
1094,1822.8490173491198,8.471088e-08
1095,1824.5152413137898,8.498145e-08
1096,1826.18146527846,8.381103e-08
1097,1827.8476892431302,8.366916e-08
1098,1829.5139132078002,8.420458e-08
1099,1831.1801371724705,8.303432e-08
1100,1832.8463611371405,8.371303e-08
1101,1834.5125851018106,8.303608e-08
1102,1836.1788090664809,8.260416e-08
1103,1837.845033031151,8.313435e-08
1104,1839.511256995821,8.471075e-08
1105,1841.1774809604913,8.3820304e-08
1106,1842.8437049251613,8.4388674e-08
1107,1844.5099288898314,8.472584e-08
1108,1846.1761528545017,8.3968374e-08
1109,1847.8423768191717,8.502819e-08
1110,1849.5086007838418,8.325897e-08
1111,1851.174824748512,8.374573e-08
1112,1852.841048713182,8.41784e-08
1113,1854.5072726778521,8.3714454e-08
1114,1856.1734966425224,8.491433e-08
1115,1857.8397206071925,8.52615e-08
1116,1859.5059445718625,8.4999705e-08
1117,1861.1721685365328,8.604948e-08
1118,1862.8383925012029,8.3613934e-08
1119,1864.504616465873,8.3273115e-08
1120,1866.1708404305432,8.4018666e-08
1121,1867.8370643952132,8.4778875e-08
1122,1869.5032883598833,8.357201e-08
1123,1871.1695123245536,8.511437e-08
1124,1872.8357362892236,8.493267e-08
1125,1874.5019602538937,8.36216e-08
1126,1876.168184218564,8.2392596e-08
1127,1877.834408183234,8.332685e-08
1128,1879.500632147904,8.387863e-08
1129,1881.1668561125744,8.3315e-08
1130,1882.8330800772444,8.4323204e-08
1131,1884.4993040419145,8.4414786e-08
1132,1886.1655280065847,8.450881e-08
1133,1887.8317519712548,8.311515e-08
1134,1889.4979759359248,8.39677e-08
1135,1891.1641999005951,8.46211e-08
1136,1892.8304238652652,8.470445e-08
1137,1894.4966478299352,8.350037e-08
1138,1896.1628717946055,8.324439e-08
1139,1897.8290957592756,8.319912e-08
1140,1899.4953197239456,8.373638e-08
1141,1901.161543688616,8.302247e-08
1142,1902.827767653286,8.4607954e-08
1143,1904.493991617956,8.227027e-08
1144,1906.1602155826263,8.246774e-08
1145,1907.8264395472963,8.322593e-08
1146,1909.4926635119664,8.360539e-08
1147,1911.1588874766367,8.238575e-08
1148,1912.8251114413067,8.39869e-08
1149,1914.4913354059768,8.3405396e-08
1150,1916.157559370647,8.29941e-08
1151,1917.823783335317,8.209039e-08
1152,1919.4900072999872,8.3914315e-08
1153,1921.1562312646574,8.313501e-08
1154,1922.8224552293275,8.286606e-08
1155,1924.4886791939975,8.473869e-08
1156,1926.1549031586678,8.480743e-08
1157,1927.8211271233379,8.263967e-08
1158,1929.487351088008,8.214533e-08
1159,1931.1535750526782,8.3423465e-08
1160,1932.8197990173483,8.4062954e-08
1161,1934.4860229820183,8.320664e-08
1162,1936.1522469466886,8.446859e-08
1163,1937.8184709113586,8.556823e-08
1164,1939.4846948760287,8.3258875e-08
1165,1941.150918840699,8.2567794e-08
1166,1942.817142805369,8.487676e-08
1167,1944.483366770039,8.47675e-08
1168,1946.1495907347094,8.1581426e-08
1169,1947.8158146993794,8.3282956e-08
1170,1949.4820386640495,8.33374e-08
1171,1951.1482626287197,8.3483094e-08
1172,1952.8144865933898,8.3091514e-08
1173,1954.4807105580599,8.11321e-08
1174,1956.1469345227301,8.2976875e-08
1175,1957.8131584874002,8.472594e-08
1176,1959.4793824520702,8.39064e-08
1177,1961.1456064167405,8.40103e-08
1178,1962.8118303814106,8.172422e-08
1179,1964.4780543460806,8.2786826e-08
1180,1966.1442783107507,8.294043e-08
1181,1967.810502275421,8.359273e-08
1182,1969.476726240091,8.3113555e-08
1183,1971.142950204761,8.363707e-08
1184,1972.8091741694313,8.286946e-08
1185,1974.4753981341014,8.317987e-08
1186,1976.1416220987714,8.3019465e-08
1187,1977.8078460634417,8.369571e-08
1188,1979.4740700281118,8.3222766e-08
1189,1981.1402939927818,8.069547e-08
1190,1982.8065179574521,8.321762e-08
1191,1984.4727419221222,8.376305e-08
1192,1986.1389658867922,8.427011e-08
1193,1987.8051898514625,8.56264e-08
1194,1989.4714138161326,8.494467e-08
1195,1991.1376377808026,8.367448e-08
1196,1992.803861745473,8.343276e-08
1197,1994.470085710143,8.37766e-08
1198,1996.136309674813,8.270803e-08
1199,1997.8025336394833,8.364353e-08
1200,1999.4687576041533,8.393177e-08
1201,2001.1349815688234,8.322309e-08
1202,2002.8012055334937,8.192337e-08
1203,2004.4674294981637,8.086176e-08
1204,2006.1336534628338,8.3365606e-08
1205,2007.799877427504,8.3439645e-08
1206,2009.466101392174,8.270645e-08
1207,2011.1323253568441,8.117734e-08
1208,2012.7985493215144,8.327986e-08
1209,2014.4647732861845,8.363722e-08
1210,2016.1309972508545,8.323862e-08
1211,2017.7972212155248,8.329749e-08
1212,2019.4634451801949,8.352666e-08
1213,2021.129669144865,8.1962035e-08
1214,2022.7958931095352,8.304569e-08
1215,2024.4621170742053,8.3270926e-08
1216,2026.1283410388753,8.205599e-08
1217,2027.7945650035456,8.15763e-08
1218,2029.4607889682156,8.171032e-08
1219,2031.1270129328857,8.2786265e-08
1220,2032.793236897556,8.314886e-08
1221,2034.459460862226,8.450949e-08
1222,2036.125684826896,8.238251e-08
1223,2037.7919087915664,8.2154195e-08
1224,2039.4581327562364,8.216354e-08
1225,2041.1243567209065,8.302491e-08
1226,2042.7905806855767,8.364101e-08
1227,2044.4568046502468,8.295022e-08
1228,2046.1230286149168,8.1091024e-08
1229,2047.7892525795871,8.2856744e-08
1230,2049.455476544257,8.3542744e-08
1231,2051.1217005089275,8.5073246e-08
1232,2052.7879244735973,8.361269e-08
1233,2054.4541484382676,8.4210846e-08
1234,2056.120372402938,8.503322e-08
1235,2057.7865963676077,8.297987e-08
1236,2059.452820332278,8.445516e-08
1237,2061.1190442969482,8.386143e-08
1238,2062.785268261618,8.4971006e-08
1239,2064.4514922262883,8.459231e-08
1240,2066.1177161909586,8.290312e-08
1241,2067.7839401556284,8.4766825e-08
1242,2069.4501641202987,8.367679e-08
1243,2071.116388084969,8.326332e-08
1244,2072.782612049639,8.254978e-08
1245,2074.448836014309,8.2256605e-08
1246,2076.1150599789794,8.1368036e-08
1247,2077.781283943649,8.200904e-08
1248,2079.4475079083195,8.378001e-08
1249,2081.11373187299,8.279263e-08
1250,2082.7799558376596,8.38817e-08
1251,2084.44617980233,8.2380275e-08
1252,2086.112403767,8.289196e-08
1253,2087.77862773167,8.450841e-08
1254,2089.4448516963403,8.499309e-08
1255,2091.1110756610105,8.227824e-08
1256,2092.7772996256804,8.264568e-08
1257,2094.4435235903507,8.133071e-08
1258,2096.109747555021,8.249834e-08
1259,2097.7759715196908,8.460944e-08
1260,2099.442195484361,8.310358e-08
1261,2101.1084194490313,8.294973e-08
1262,2102.774643413701,8.439112e-08
1263,2104.4408673783714,8.39712e-08
1264,2106.1070913430417,8.434316e-08
1265,2107.7733153077115,8.2734296e-08
1266,2109.439539272382,8.462111e-08
1267,2111.105763237052,8.38768e-08
1268,2112.771987201722,8.212995e-08
1269,2114.438211166392,8.096125e-08
1270,2116.1044351310625,8.338889e-08
1271,2117.7706590957323,8.473057e-08
1272,2119.4368830604026,8.4568455e-08
1273,2121.103107025073,8.337214e-08
1274,2122.7693309897427,8.375064e-08
1275,2124.435554954413,8.430092e-08
1276,2126.1017789190832,8.3527574e-08
1277,2127.768002883753,8.441513e-08
1278,2129.4342268484234,8.371149e-08
1279,2131.1004508130936,8.518555e-08
1280,2132.7666747777635,8.325965e-08
1281,2134.4328987424337,8.3010875e-08
1282,2136.099122707104,8.444915e-08
1283,2137.765346671774,8.543287e-08
1284,2139.431570636444,8.484848e-08
1285,2141.0977946011144,8.5184794e-08
1286,2142.764018565784,8.383193e-08
1287,2144.4302425304545,8.343722e-08
1288,2146.096466495125,8.463223e-08
1289,2147.7626904597946,8.490711e-08
1290,2149.428914424465,8.3159925e-08
1291,2151.095138389135,8.3896566e-08
1292,2152.761362353805,8.467076e-08
1293,2154.4275863184753,8.635281e-08
1294,2156.0938102831456,8.616331e-08
1295,2157.7600342478154,8.323224e-08
1296,2159.4262582124857,8.183039e-08
1297,2161.092482177156,8.338628e-08
1298,2162.7587061418258,8.222506e-08
1299,2164.424930106496,8.2698364e-08
1300,2166.0911540711663,8.345144e-08
1301,2167.757378035836,8.316811e-08
1302,2169.4236020005064,8.3596106e-08
1303,2171.0898259651767,8.293371e-08
1304,2172.7560499298465,8.3336715e-08
1305,2174.422273894517,8.307821e-08
1306,2176.088497859187,8.396858e-08
1307,2177.754721823857,8.330182e-08
1308,2179.420945788527,8.262507e-08
1309,2181.0871697531975,8.307827e-08
1310,2182.7533937178673,8.320849e-08
1311,2184.4196176825376,8.379534e-08
1312,2186.085841647208,8.364562e-08
1313,2187.7520656118777,8.444489e-08
1314,2189.418289576548,8.377133e-08
1315,2191.0845135412183,8.3817824e-08
1316,2192.750737505888,8.179961e-08
1317,2194.4169614705584,8.336291e-08
1318,2196.0831854352286,8.3719264e-08
1319,2197.7494093998985,8.391199e-08
1320,2199.4156333645687,8.316273e-08
1321,2201.081857329239,8.4506425e-08
1322,2202.748081293909,8.273435e-08
1323,2204.414305258579,8.214556e-08
1324,2206.0805292232494,8.319749e-08
1325,2207.7467531879192,8.314304e-08
1326,2209.4129771525895,8.131116e-08
1327,2211.07920111726,8.2648455e-08
1328,2212.7454250819296,8.3598366e-08
1329,2214.4116490466,8.251292e-08
1330,2216.07787301127,8.3637225e-08
1331,2217.74409697594,8.196931e-08
1332,2219.4103209406103,8.257961e-08
1333,2221.07654490528,8.363101e-08
1334,2222.7427688699504,8.3580616e-08
1335,2224.4089928346207,8.234854e-08
1336,2226.0752167992905,8.2242835e-08
1337,2227.741440763961,8.2856175e-08
1338,2229.407664728631,8.239593e-08
1339,2231.073888693301,8.346842e-08
1340,2232.740112657971,8.29883e-08
1341,2234.4063366226414,8.454301e-08
1342,2236.0725605873113,8.444784e-08
1343,2237.7387845519816,8.22309e-08
1344,2239.405008516652,8.285321e-08
1345,2241.0712324813217,8.469428e-08
1346,2242.737456445992,8.382529e-08
1347,2244.403680410662,8.319231e-08
1348,2246.069904375332,8.1874965e-08
1349,2247.7361283400023,8.344337e-08
1350,2249.4023523046726,8.344823e-08
1351,2251.0685762693424,8.224051e-08
1352,2252.7348002340127,8.27611e-08
1353,2254.401024198683,8.275419e-08
1354,2256.067248163353,8.3641616e-08
1355,2257.733472128023,8.327701e-08
1356,2259.3996960926934,8.315637e-08
1357,2261.065920057363,8.317328e-08
1358,2262.7321440220335,8.294672e-08
1359,2264.3983679867038,8.299747e-08
1360,2266.0645919513736,8.374139e-08
1361,2267.730815916044,8.331705e-08
1362,2269.397039880714,8.256007e-08
1363,2271.063263845384,8.169651e-08
1364,2272.7294878100543,8.320336e-08
1365,2274.3957117747245,8.377257e-08
1366,2276.0619357393944,8.3578655e-08
1367,2277.7281597040646,8.387824e-08
1368,2279.394383668735,8.289693e-08
1369,2281.0606076334047,8.456785e-08
1370,2282.726831598075,8.344634e-08
1371,2284.3930555627453,8.327656e-08
1372,2286.059279527415,8.255431e-08
1373,2287.7255034920854,8.3881666e-08
1374,2289.3917274567557,8.381463e-08
1375,2291.0579514214255,8.264729e-08
1376,2292.724175386096,8.070848e-08
1377,2294.390399350766,8.3506286e-08
1378,2296.056623315436,8.400136e-08
1379,2297.722847280106,8.3968196e-08
1380,2299.3890712447765,8.50688e-08
1381,2301.0552952094463,8.253152e-08
1382,2302.7215191741166,8.3114344e-08
1383,2304.387743138787,8.2212374e-08
1384,2306.0539671034567,8.189195e-08
1385,2307.720191068127,8.212994e-08
1386,2309.3864150327972,8.170469e-08
1387,2311.052638997467,8.3176595e-08
1388,2312.7188629621373,8.475761e-08
1389,2314.3850869268076,8.304292e-08
1390,2316.0513108914774,8.4203435e-08
1391,2317.7175348561477,8.477607e-08
1392,2319.383758820818,8.418783e-08
1393,2321.049982785488,8.5487784e-08
1394,2322.716206750158,8.3324615e-08
1395,2324.3824307148284,8.39591e-08
1396,2326.048654679498,8.586828e-08
1397,2327.7148786441685,8.544944e-08
1398,2329.381102608839,8.514337e-08
1399,2331.0473265735086,8.452626e-08
1400,2332.713550538179,8.3501725e-08
1401,2334.379774502849,8.284933e-08
1402,2336.045998467519,8.225094e-08
1403,2337.7122224321893,8.323777e-08
1404,2339.3784463968595,8.3990564e-08
1405,2341.0446703615294,8.281413e-08
1406,2342.7108943261997,8.404639e-08
1407,2344.37711829087,8.413773e-08
1408,2346.0433422555398,8.26098e-08
1409,2347.70956622021,8.2117715e-08
1410,2349.3757901848803,8.242176e-08
1411,2351.04201414955,8.4834234e-08
1412,2352.7082381142204,8.4631125e-08
1413,2354.3744620788907,8.3017845e-08
1414,2356.0406860435605,8.4114916e-08
1415,2357.706910008231,8.3870944e-08
1416,2359.373133972901,8.374546e-08
1417,2361.039357937571,8.358803e-08
1418,2362.705581902241,8.27811e-08
1419,2364.3718058669115,8.285159e-08
1420,2366.0380298315813,8.389872e-08
1421,2367.7042537962516,8.447866e-08
1422,2369.370477760922,8.2434994e-08
1423,2371.0367017255917,8.393089e-08
1424,2372.702925690262,8.216926e-08
1425,2374.3691496549322,8.3769145e-08
1426,2376.035373619602,8.409322e-08
1427,2377.7015975842723,8.3976055e-08
1428,2379.3678215489426,8.4724455e-08
1429,2381.0340455136125,8.5884615e-08
1430,2382.7002694782827,8.345397e-08
1431,2384.366493442953,8.3105604e-08
1432,2386.032717407623,8.4072e-08
1433,2387.698941372293,8.424015e-08
1434,2389.3651653369634,8.417266e-08
1435,2391.031389301633,8.419196e-08
1436,2392.6976132663035,8.5064215e-08
1437,2394.363837230974,8.660182e-08
1438,2396.0300611956436,8.451633e-08
1439,2397.696285160314,8.220333e-08
1440,2399.362509124984,8.202567e-08
1441,2401.028733089654,8.447238e-08
1442,2402.6949570543243,8.499737e-08
1443,2404.3611810189946,8.501202e-08
1444,2406.0274049836644,8.474144e-08
1445,2407.6936289483347,8.239931e-08
1446,2409.359852913005,8.3490825e-08
1447,2411.0260768776748,8.540734e-08
1448,2412.692300842345,8.6157925e-08
1449,2414.3585248070153,8.443606e-08
1450,2416.024748771685,8.417363e-08
1451,2417.6909727363554,8.548398e-08
1452,2419.3571967010257,8.313938e-08
1453,2421.0234206656955,8.4372815e-08
1454,2422.689644630366,8.445876e-08
1455,2424.355868595036,8.249671e-08
1456,2426.022092559706,8.2736456e-08
1457,2427.688316524376,8.453675e-08
1458,2429.3545404890465,8.658756e-08
1459,2431.0207644537163,8.4422226e-08
1460,2432.6869884183866,8.339466e-08
1461,2434.353212383057,8.303124e-08
1462,2436.0194363477267,8.404326e-08
1463,2437.685660312397,8.30052e-08
1464,2439.3518842770673,8.40837e-08
1465,2441.018108241737,8.481099e-08
1466,2442.6843322064074,8.467787e-08
1467,2444.3505561710776,8.3749946e-08
1468,2446.0167801357475,8.3637914e-08
1469,2447.6830041004177,8.400388e-08
1470,2449.349228065088,8.465915e-08
1471,2451.015452029758,8.414617e-08
1472,2452.681675994428,8.520631e-08
1473,2454.3478999590984,8.442253e-08
1474,2456.0141239237682,8.4983945e-08
1475,2457.6803478884385,8.3241126e-08
1476,2459.346571853109,8.4206114e-08
1477,2461.0127958177786,8.46223e-08
1478,2462.679019782449,8.5318995e-08
1479,2464.345243747119,8.263034e-08
1480,2466.011467711789,8.284975e-08
1481,2467.6776916764593,8.35406e-08
1482,2469.3439156411296,8.580643e-08
1483,2471.0101396057994,8.497981e-08
1484,2472.6763635704697,8.478156e-08
1485,2474.34258753514,8.393009e-08
1486,2476.00881149981,8.318749e-08
1487,2477.67503546448,8.4600394e-08
1488,2479.3412594291503,8.482195e-08
1489,2481.00748339382,8.4085016e-08
1490,2482.6737073584904,8.355357e-08
1491,2484.3399313231607,8.322454e-08
1492,2486.0061552878306,8.494082e-08
1493,2487.672379252501,8.503137e-08
1494,2489.338603217171,8.482799e-08
1495,2491.004827181841,8.371342e-08
1496,2492.671051146511,8.265821e-08
1497,2494.3372751111815,8.41635e-08
1498,2496.0034990758513,8.520206e-08
1499,2497.6697230405216,8.4826816e-08
1500,2499.335947005192,8.365741e-08
1501,2501.0021709698617,8.383028e-08
1502,2502.668394934532,8.3579565e-08
1503,2504.3346188992023,8.23042e-08
1504,2506.000842863872,8.4108834e-08
1505,2507.6670668285424,8.490494e-08
1506,2509.3332907932127,8.433764e-08
1507,2510.9995147578825,8.354405e-08
1508,2512.6657387225528,8.341619e-08
1509,2514.331962687223,8.312017e-08
1510,2515.998186651893,8.380968e-08
1511,2517.664410616563,8.530226e-08
1512,2519.3306345812334,8.35922e-08
1513,2520.9968585459033,8.427281e-08
1514,2522.6630825105735,8.3196994e-08
1515,2524.329306475244,8.3820275e-08
1516,2525.9955304399136,8.3930686e-08
1517,2527.661754404584,8.442081e-08
1518,2529.327978369254,8.4216225e-08
1519,2530.994202333924,8.524426e-08
1520,2532.6604262985943,8.3190734e-08
1521,2534.3266502632646,8.381803e-08
1522,2535.9928742279344,8.652422e-08
1523,2537.6590981926047,8.484175e-08
1524,2539.325322157275,8.4857696e-08
1525,2540.991546121945,8.585719e-08
1526,2542.657770086615,8.589043e-08
1527,2544.3239940512854,8.508663e-08
1528,2545.990218015955,8.551829e-08
1529,2547.6564419806255,8.5628905e-08
1530,2549.3226659452957,8.418756e-08
1531,2550.9888899099656,8.576803e-08
1532,2552.655113874636,8.557046e-08
1533,2554.321337839306,8.593494e-08
1534,2555.987561803976,8.521027e-08
1535,2557.6537857686462,8.497817e-08
1536,2559.3200097333165,8.418731e-08
1537,2560.9862336979863,8.293284e-08
1538,2562.6524576626566,8.5930516e-08
1539,2564.3186816273264,8.3852925e-08
1540,2565.9849055919967,8.453439e-08
1541,2567.651129556667,8.284032e-08
1542,2569.317353521337,8.6084576e-08
1543,2570.983577486007,8.575196e-08
1544,2572.6498014506774,8.4023476e-08
1545,2574.316025415347,8.357378e-08
1546,2575.9822493800175,8.6689624e-08
1547,2577.6484733446878,8.512628e-08
1548,2579.3146973093576,8.453857e-08
1549,2580.980921274028,8.343463e-08
1550,2582.647145238698,8.470422e-08
1551,2584.313369203368,8.3587445e-08
1552,2585.9795931680383,8.376468e-08
1553,2587.6458171327085,8.356868e-08
1554,2589.3120410973784,8.1965105e-08
1555,2590.9782650620486,8.351485e-08
1556,2592.644489026719,8.207236e-08
1557,2594.3107129913888,8.336504e-08
1558,2595.976936956059,8.4825274e-08
1559,2597.6431609207293,8.302448e-08
1560,2599.309384885399,8.2413365e-08
1561,2600.9756088500694,8.193599e-08
1562,2602.6418328147397,8.338366e-08
1563,2604.3080567794095,8.38778e-08
1564,2605.97428074408,8.428396e-08
1565,2607.64050470875,8.427864e-08
1566,2609.30672867342,8.387306e-08
1567,2610.97295263809,8.4657664e-08
1568,2612.6391766027605,8.2924586e-08
1569,2614.3054005674303,8.328973e-08
1570,2615.9716245321006,8.2567965e-08
1571,2617.637848496771,8.1978094e-08
1572,2619.3040724614407,8.316677e-08
1573,2620.970296426111,8.405294e-08
1574,2622.6365203907812,8.437454e-08
1575,2624.302744355451,8.4736534e-08
1576,2625.9689683201213,8.303483e-08
1577,2627.6351922847916,8.278805e-08
1578,2629.3014162494615,8.3296506e-08
1579,2630.9676402141317,8.4280735e-08
1580,2632.633864178802,8.2167816e-08
1581,2634.300088143472,8.415563e-08
1582,2635.966312108142,8.505331e-08
1583,2637.6325360728124,8.394134e-08
1584,2639.298760037482,8.443422e-08
1585,2640.9649840021525,8.2903156e-08
1586,2642.631207966823,8.284711e-08
1587,2644.2974319314926,8.319649e-08
1588,2645.963655896163,8.286988e-08
1589,2647.629879860833,8.186464e-08
1590,2649.296103825503,8.303277e-08
1591,2650.9623277901733,8.2237435e-08
1592,2652.6285517548436,8.336167e-08
1593,2654.2947757195134,8.331821e-08
1594,2655.9609996841837,8.397284e-08
1595,2657.627223648854,8.335172e-08
1596,2659.2934476135238,8.3166135e-08
1597,2660.959671578194,8.4521076e-08
1598,2662.6258955428643,8.350393e-08
1599,2664.292119507534,8.427162e-08
1600,2665.9583434722044,8.22623e-08
1601,2667.6245674368747,8.255616e-08
1602,2669.2907914015445,8.427705e-08
1603,2670.957015366215,8.336325e-08
1604,2672.623239330885,8.292096e-08
1605,2674.289463295555,8.310014e-08
1606,2675.955687260225,8.408124e-08
1607,2677.6219112248955,8.4782435e-08
1608,2679.2881351895653,8.294171e-08
1609,2680.9543591542356,8.404906e-08
1610,2682.620583118906,8.363717e-08
1611,2684.2868070835757,8.397438e-08
1612,2685.953031048246,8.349437e-08
1613,2687.6192550129163,8.146047e-08
1614,2689.285478977586,8.286364e-08
1615,2690.9517029422564,8.481406e-08
1616,2692.6179269069266,8.320041e-08
1617,2694.2841508715965,8.341781e-08
1618,2695.9503748362667,8.255486e-08
1619,2697.616598800937,8.277933e-08
1620,2699.282822765607,8.455179e-08
1621,2700.949046730277,8.507522e-08
1622,2702.6152706949474,8.224321e-08
1623,2704.2814946596172,8.249577e-08
1624,2705.9477186242875,8.146506e-08
1625,2707.613942588958,8.3344084e-08
1626,2709.2801665536276,8.4145746e-08
1627,2710.946390518298,8.487387e-08
1628,2712.612614482968,8.435254e-08
1629,2714.278838447638,8.332471e-08
1630,2715.9450624123083,8.34518e-08
1631,2717.6112863769786,8.2929965e-08
1632,2719.2775103416484,8.2569926e-08
1633,2720.9437343063187,8.2987114e-08
1634,2722.609958270989,8.3283645e-08
1635,2724.276182235659,8.503583e-08
1636,2725.942406200329,8.493369e-08
1637,2727.6086301649993,8.4633925e-08
1638,2729.274854129669,8.558696e-08
1639,2730.9410780943394,8.463507e-08
1640,2732.6073020590097,8.324938e-08
1641,2734.2735260236796,8.328836e-08
1642,2735.93974998835,8.3552116e-08
1643,2737.60597395302,8.5023046e-08
1644,2739.27219791769,8.442039e-08
1645,2740.93842188236,8.549276e-08
1646,2742.6046458470305,8.5229054e-08
1647,2744.2708698117003,8.4279e-08
1648,2745.9370937763706,8.2368196e-08
1649,2747.603317741041,8.376833e-08
1650,2749.2695417057107,8.626354e-08
1651,2750.935765670381,8.376641e-08
1652,2752.6019896350513,8.300444e-08
1653,2754.268213599721,8.214848e-08
1654,2755.9344375643914,8.1709686e-08
1655,2757.6006615290617,8.31694e-08
1656,2759.2668854937315,8.379299e-08
1657,2760.9331094584018,8.340869e-08
1658,2762.599333423072,8.5196255e-08
1659,2764.265557387742,8.270822e-08
1660,2765.931781352412,8.117818e-08
1661,2767.5980053170824,8.216658e-08
1662,2769.2642292817523,8.373213e-08
1663,2770.9304532464225,8.30513e-08
1664,2772.596677211093,8.212639e-08
1665,2774.2629011757626,8.349678e-08
1666,2775.929125140433,8.286927e-08
1667,2777.595349105103,8.250421e-08
1668,2779.261573069773,8.317059e-08
1669,2780.9277970344433,8.282807e-08
1670,2782.5940209991136,8.350611e-08
1671,2784.2602449637834,8.172321e-08
1672,2785.9264689284537,8.375908e-08
1673,2787.592692893124,8.488749e-08
1674,2789.258916857794,8.443974e-08
1675,2790.925140822464,8.3862716e-08
1676,2792.5913647871344,8.3456044e-08
1677,2794.257588751804,8.3067114e-08
1678,2795.9238127164745,8.2340776e-08
1679,2797.5900366811447,8.369978e-08
1680,2799.2562606458146,8.605293e-08
1681,2800.922484610485,8.3073076e-08
1682,2802.588708575155,8.2588045e-08
1683,2804.254932539825,8.318677e-08
1684,2805.9211565044952,8.45805e-08
1685,2807.5873804691655,8.230741e-08
1686,2809.2536044338353,8.322877e-08
1687,2810.9198283985056,8.370867e-08
1688,2812.586052363176,8.279999e-08
1689,2814.2522763278457,8.2466435e-08
1690,2815.918500292516,8.360006e-08
1691,2817.5847242571863,8.3200085e-08
1692,2819.250948221856,8.420088e-08
1693,2820.9171721865264,8.282717e-08
1694,2822.5833961511967,8.416675e-08
1695,2824.2496201158665,8.418092e-08
1696,2825.9158440805368,8.393704e-08
1697,2827.582068045207,8.422378e-08
1698,2829.248292009877,8.4191754e-08
1699,2830.914515974547,8.513248e-08
1700,2832.5807399392174,8.372139e-08
1701,2834.2469639038873,8.536526e-08
1702,2835.9131878685575,8.499733e-08
1703,2837.579411833228,8.303372e-08
1704,2839.2456357978976,8.386061e-08
1705,2840.911859762568,8.462361e-08
1706,2842.578083727238,8.381998e-08
1707,2844.244307691908,8.392063e-08
1708,2845.9105316565783,8.3217174e-08
1709,2847.5767556212486,8.414052e-08
1710,2849.2429795859184,8.234032e-08
1711,2850.9092035505887,8.213363e-08
1712,2852.575427515259,8.196535e-08
1713,2854.241651479929,8.369942e-08
1714,2855.907875444599,8.38997e-08
1715,2857.5740994092694,8.4077556e-08
1716,2859.240323373939,8.460162e-08
1717,2860.9065473386095,8.41182e-08
1718,2862.5727713032798,8.374919e-08
1719,2864.2389952679496,8.204967e-08
1720,2865.90521923262,8.301256e-08
1721,2867.57144319729,8.326152e-08
1722,2869.23766716196,8.3143775e-08
1723,2870.9038911266302,8.334193e-08
1724,2872.5701150913005,8.287616e-08
1725,2874.2363390559703,8.2488825e-08
1726,2875.9025630206406,8.311657e-08
1727,2877.568786985311,8.306654e-08
1728,2879.2350109499807,8.326906e-08
1729,2880.901234914651,8.326251e-08
1730,2882.5674588793213,8.2513395e-08
1731,2884.233682843991,8.3341625e-08
1732,2885.8999068086614,8.283865e-08
1733,2887.5661307733317,8.2746595e-08
1734,2889.2323547380015,8.298092e-08
1735,2890.898578702672,8.121651e-08
1736,2892.564802667342,8.212122e-08
1737,2894.231026632012,8.35359e-08
1738,2895.897250596682,8.365085e-08
1739,2897.5634745613525,8.1975486e-08
1740,2899.2296985260223,8.1727556e-08
1741,2900.8959224906926,8.328613e-08
1742,2902.5621464553624,8.443415e-08
1743,2904.2283704200327,8.279932e-08
1744,2905.894594384703,8.17766e-08
1745,2907.5608183493728,8.394061e-08
1746,2909.227042314043,8.412345e-08
1747,2910.8932662787133,8.261361e-08
1748,2912.559490243383,8.311473e-08
1749,2914.2257142080534,8.43934e-08
1750,2915.8919381727237,8.2684565e-08
1751,2917.5581621373935,8.2793186e-08
1752,2919.224386102064,8.424514e-08
1753,2920.890610066734,8.333919e-08
1754,2922.556834031404,8.1178925e-08
1755,2924.223057996074,8.185741e-08
1756,2925.8892819607445,8.257885e-08
1757,2927.5555059254143,8.28186e-08
1758,2929.2217298900846,8.184435e-08
1759,2930.887953854755,8.439182e-08
1760,2932.5541778194247,8.40457e-08
1761,2934.220401784095,8.296355e-08
1762,2935.8866257487653,8.447441e-08
1763,2937.552849713435,8.3656495e-08
1764,2939.2190736781054,8.350623e-08
1765,2940.8852976427756,8.3916696e-08
1766,2942.5515216074455,8.379898e-08
1767,2944.2177455721157,8.182035e-08
1768,2945.883969536786,8.29813e-08
1769,2947.550193501456,8.532312e-08
1770,2949.216417466126,8.292554e-08
1771,2950.8826414307964,8.087408e-08
1772,2952.5488653954662,8.328109e-08
1773,2954.2150893601365,8.408022e-08
1774,2955.881313324807,8.4742894e-08
1775,2957.5475372894766,8.5169304e-08
1776,2959.213761254147,8.304579e-08
1777,2960.879985218817,8.286258e-08
1778,2962.546209183487,8.317031e-08
1779,2964.2124331481573,8.361108e-08
1780,2965.8786571128276,8.272547e-08
1781,2967.5448810774974,8.3777806e-08
1782,2969.2111050421677,8.3775895e-08
1783,2970.877329006838,8.410212e-08
1784,2972.543552971508,8.331206e-08
1785,2974.209776936178,8.058528e-08
1786,2975.8760009008483,8.194947e-08
1787,2977.542224865518,8.3993335e-08
1788,2979.2084488301884,8.360161e-08
1789,2980.8746727948587,8.2948176e-08
1790,2982.5408967595286,8.25085e-08
1791,2984.207120724199,8.2850036e-08
1792,2985.873344688869,8.3941124e-08
1793,2987.539568653539,8.1584744e-08
1794,2989.205792618209,8.33545e-08
1795,2990.8720165828795,8.2482686e-08
1796,2992.5382405475493,8.311441e-08
1797,2994.2044645122196,8.2558145e-08
1798,2995.87068847689,8.3063355e-08
1799,2997.5369124415597,8.146787e-08
1800,2999.20313640623,8.157773e-08
1801,3000.8693603709003,8.332617e-08
1802,3002.53558433557,8.360961e-08
1803,3004.2018083002404,8.3837826e-08
1804,3005.8680322649107,8.569618e-08
1805,3007.5342562295805,8.454437e-08
1806,3009.2004801942508,8.170693e-08
1807,3010.866704158921,8.065443e-08
1808,3012.532928123591,8.234044e-08
1809,3014.199152088261,8.388382e-08
1810,3015.8653760529314,8.397676e-08
1811,3017.5316000176012,8.280562e-08
1812,3019.1978239822715,8.229222e-08
1813,3020.864047946942,8.2730615e-08
1814,3022.5302719116116,8.325118e-08
1815,3024.196495876282,8.246088e-08
1816,3025.862719840952,8.274851e-08
1817,3027.528943805622,8.2761304e-08
1818,3029.1951677702923,8.353822e-08
1819,3030.8613917349626,8.167193e-08
1820,3032.5276156996324,8.337703e-08
1821,3034.1938396643027,8.234799e-08
1822,3035.860063628973,8.311372e-08
1823,3037.526287593643,8.3752035e-08
1824,3039.192511558313,8.179922e-08
1825,3040.8587355229834,8.1741e-08
1826,3042.524959487653,8.2290164e-08
1827,3044.1911834523235,8.1825235e-08
1828,3045.8574074169937,8.199351e-08
1829,3047.5236313816636,8.281451e-08
1830,3049.189855346334,8.373129e-08
1831,3050.856079311004,8.424111e-08
1832,3052.522303275674,8.122459e-08
1833,3054.1885272403442,8.150121e-08
1834,3055.8547512050145,8.239116e-08
1835,3057.5209751696843,8.114155e-08
1836,3059.1871991343546,8.2445155e-08
1837,3060.853423099025,8.524136e-08
1838,3062.5196470636947,8.437595e-08
1839,3064.185871028365,8.104688e-08
1840,3065.8520949930353,8.3088345e-08
1841,3067.518318957705,8.36989e-08
1842,3069.1845429223754,8.2599826e-08
1843,3070.8507668870457,8.203279e-08
1844,3072.5169908517155,8.382658e-08
1845,3074.1832148163858,8.3091564e-08
1846,3075.849438781056,8.2716575e-08
1847,3077.515662745726,8.242714e-08
1848,3079.181886710396,8.155434e-08
1849,3080.8481106750664,8.192714e-08
1850,3082.5143346397363,8.22246e-08
1851,3084.1805586044065,8.168452e-08
1852,3085.846782569077,8.1888125e-08
1853,3087.5130065337466,8.355987e-08
1854,3089.179230498417,8.260435e-08
1855,3090.845454463087,8.0584634e-08
1856,3092.511678427757,8.162607e-08
1857,3094.1779023924273,8.2337976e-08
1858,3095.8441263570976,8.229042e-08
1859,3097.5103503217674,8.323031e-08
1860,3099.1765742864377,8.203195e-08
1861,3100.842798251108,8.1944805e-08
1862,3102.509022215778,8.197886e-08
1863,3104.175246180448,8.404844e-08
1864,3105.8414701451184,8.298269e-08
1865,3107.507694109788,8.1327194e-08
1866,3109.1739180744585,8.355663e-08
1867,3110.8401420391288,8.384886e-08
1868,3112.5063660037986,8.3242114e-08
1869,3114.172589968469,8.256796e-08
1870,3115.838813933139,8.242001e-08
1871,3117.505037897809,8.27461e-08
1872,3119.1712618624792,8.349093e-08
1873,3120.8374858271495,8.2142385e-08
1874,3122.5037097918193,8.184169e-08
1875,3124.1699337564896,8.2600856e-08
1876,3125.83615772116,8.4182844e-08
1877,3127.5023816858297,8.296011e-08
1878,3129.1686056505,8.272026e-08
1879,3130.8348296151703,8.417924e-08
1880,3132.50105357984,8.445046e-08
1881,3134.1672775445104,8.250291e-08
1882,3135.8335015091807,8.209426e-08
1883,3137.4997254738505,8.239321e-08
1884,3139.165949438521,8.364787e-08
1885,3140.832173403191,8.261781e-08
1886,3142.498397367861,8.337778e-08
1887,3144.164621332531,8.451023e-08
1888,3145.8308452972014,8.381974e-08
1889,3147.4970692618713,8.3044064e-08
1890,3149.1632932265416,8.178302e-08
1891,3150.829517191212,8.3369855e-08
1892,3152.4957411558817,8.4671086e-08
1893,3154.161965120552,8.486947e-08
1894,3155.828189085222,8.1998785e-08
1895,3157.494413049892,8.2404405e-08
1896,3159.1606370145623,8.16527e-08
1897,3160.8268609792326,8.240935e-08
1898,3162.4930849439024,8.257678e-08
1899,3164.1593089085727,8.14269e-08
1900,3165.825532873243,8.205081e-08
1901,3167.491756837913,8.447078e-08
1902,3169.157980802583,8.431631e-08
1903,3170.8242047672534,8.329434e-08
1904,3172.490428731923,7.9876855e-08
1905,3174.1566526965935,8.221555e-08
1906,3175.8228766612638,8.135964e-08
1907,3177.4891006259336,8.247766e-08
1908,3179.155324590604,8.2033495e-08
1909,3180.821548555274,8.129992e-08
1910,3182.487772519944,8.156392e-08
1911,3184.1539964846143,8.1325965e-08
1912,3185.8202204492845,8.048023e-08
1913,3187.4864444139544,8.148881e-08
1914,3189.1526683786246,8.197875e-08
1915,3190.818892343295,8.124582e-08
1916,3192.4851163079647,8.280785e-08
1917,3194.151340272635,8.2956745e-08
1918,3195.8175642373053,8.167667e-08
1919,3197.483788201975,8.2129255e-08
1920,3199.1500121666454,8.328132e-08
1921,3200.8162361313157,8.1054964e-08
1922,3202.4824600959855,8.0188705e-08
1923,3204.148684060656,8.0627146e-08
1924,3205.814908025326,8.341567e-08
1925,3207.481131989996,8.2807595e-08
1926,3209.147355954666,8.3423714e-08
1927,3210.8135799193365,8.135659e-08
1928,3212.4798038840063,8.352803e-08
1929,3214.1460278486766,8.317755e-08
1930,3215.812251813347,8.2365005e-08
1931,3217.4784757780167,8.2737714e-08
1932,3219.144699742687,8.34609e-08
1933,3220.8109237073572,8.2793186e-08
1934,3222.477147672027,8.2587285e-08
1935,3224.1433716366973,8.269953e-08
1936,3225.8095956013676,8.2729585e-08
1937,3227.4758195660374,8.3767766e-08
1938,3229.1420435307077,8.3517726e-08
1939,3230.808267495378,8.469669e-08
1940,3232.474491460048,8.289004e-08
1941,3234.140715424718,8.2430766e-08
1942,3235.8069393893884,8.248761e-08
1943,3237.473163354058,8.465167e-08
1944,3239.1393873187285,8.382772e-08
1945,3240.805611283399,8.284721e-08
1946,3242.4718352480686,8.3866354e-08
1947,3244.138059212739,8.432632e-08
1948,3245.8042831774087,8.424072e-08
1949,3247.470507142079,8.411708e-08
1950,3249.1367311067493,8.589585e-08
1951,3250.802955071419,8.335625e-08
1952,3252.4691790360894,8.3867825e-08
1953,3254.1354030007597,8.5134566e-08
1954,3255.8016269654295,8.3103146e-08
1955,3257.4678509300998,8.245108e-08
1956,3259.13407489477,8.355466e-08
1957,3260.80029885944,8.4025224e-08
1958,3262.46652282411,8.3616165e-08
1959,3264.1327467887804,8.3862616e-08
1960,3265.7989707534502,8.389041e-08
1961,3267.4651947181205,8.367678e-08
1962,3269.131418682791,8.3962064e-08
1963,3270.7976426474606,8.433615e-08
1964,3272.463866612131,8.5201435e-08
1965,3274.130090576801,8.2605965e-08
1966,3275.796314541471,8.102527e-08
1967,3277.4625385061413,8.3277335e-08
1968,3279.1287624708116,8.342149e-08
1969,3280.7949864354814,8.3425e-08
1970,3282.4612104001517,8.4275726e-08
1971,3284.127434364822,8.384959e-08
1972,3285.793658329492,8.342294e-08
1973,3287.459882294162,8.191539e-08
1974,3289.1261062588324,8.318189e-08
1975,3290.792330223502,8.3305075e-08
1976,3292.4585541881725,8.265671e-08
1977,3294.1247781528427,8.238532e-08
1978,3295.7910021175126,8.33125e-08
1979,3297.457226082183,8.2697206e-08
1980,3299.123450046853,8.114547e-08
1981,3300.789674011523,8.279831e-08
1982,3302.4558979761932,8.393722e-08
1983,3304.1221219408635,8.297013e-08
1984,3305.7883459055333,8.2333464e-08
1985,3307.4545698702036,8.157961e-08
1986,3309.120793834874,8.227507e-08
1987,3310.7870177995437,8.266143e-08
1988,3312.453241764214,8.363573e-08
1989,3314.1194657288843,8.366081e-08
1990,3315.785689693554,8.255767e-08
1991,3317.4519136582244,8.4486985e-08
1992,3319.1181376228947,8.1835516e-08
1993,3320.7843615875645,8.21797e-08
1994,3322.4505855522348,8.236754e-08
1995,3324.116809516905,8.153372e-08
1996,3325.783033481575,8.0623856e-08
1997,3327.449257446245,8.208863e-08
1998,3329.1154814109154,8.154729e-08
1999,3330.7817053755853,8.2160554e-08
